item_id,order_id,product_id,quantity,unit_price,discount_price
1,297,160,3,5807,47
2,400,28,4,2262,31
3,30,488,3,1693,44
4,244,108,3,4611,32
5,363,222,2,7783,85
6,185,134,3,2441,12
7,220,268,4,7394,2
8,119,245,5,6818,20
9,467,270,4,611,3
10,158,452,3,3285,42
11,359,290,4,7611,5
12,286,398,3,923,11
13,265,212,1,7077,5
14,258,184,5,6964,14
15,420,130,4,836,91
16,295,99,4,7189,60
17,92,307,1,681,84
18,42,405,1,2423,42
19,5,417,4,6493,4
20,78,354,2,3294,27
21,139,463,5,578,45
22,138,68,5,6705,38
23,498,319,2,2519,4
24,1,438,5,1977,86
25,102,283,5,6732,8
26,62,27,3,3571,21
27,345,427,1,1187,7
28,18,285,4,4425,48
29,15,141,4,6892,95
30,485,473,4,5956,21
31,362,383,4,5647,72
32,286,331,3,4510,79
33,74,108,4,6705,51
34,256,302,4,5789,73
35,166,96,-4,3640,78
36,57,278,2,5270,15
37,365,295,1,5656,93
38,321,61,4,977,86
39,94,187,3,4190,4
40,76,174,5,4031,43
41,325,447,5,4354,74
42,234,26,3,1328,95
43,497,207,4,3446,39
44,329,427,5,6646,50
45,318,132,1,7552,4
46,153,385,3,3635,88
47,33,352,4,1593,90
48,377,491,4,2130,40
49,500,404,3,4561,65
50,82,213,3,7166,23
51,247,326,5,5149,22
52,80,196,2,1516,68
53,71,182,1,7439,29
54,221,238,2,1772,93
55,114,16,2,2553,50
56,322,190,5,6234,36
57,100,357,4,456,4
58,208,387,4,2876,6
59,317,311,1,203,14
60,394,463,2,5637,98
61,319,346,4,2362,3
62,374,45,1,419,32
63,203,223,5,4583,66
64,312,378,4,1957,17
65,216,21,2,5786,19
66,426,177,4,4773,67
67,342,197,5,1703,0
68,179,246,1,2020,70
69,172,486,4,2800,31
70,368,480,5,304,74
71,233,160,1,3287,33
72,364,208,3,1202,71
73,363,236,1,1656,73
74,159,118,1,6036,62
75,23,348,5,2561,83
76,14,56,5,4236,73
77,236,13,1,3145,44
78,371,9,5,6113,94
79,75,477,3,1322,1
80,140,370,2,6166,99
81,311,101,3,7253,49
82,80,325,3,1321,80
83,133,34,5,423,87
84,459,259,3,382,1
85,459,54,3,742,44
86,440,149,1,6630,78
87,133,387,5,6126,36
88,360,453,2,1325,27
89,308,261,3,2018,1
90,51,119,2,7939,96
91,471,10,3,5557,14
92,264,485,5,5290,19
93,168,311,4,3989,72
94,236,222,-4,2297,64
95,367,296,3,4310,34
96,192,161,2,6296,34
97,69,398,1,621,17
98,70,92,1,2389,74
99,30,61,1,4304,17
100,281,50,1,7555,77
101,429,81,5,862,86
102,310,212,1,6504,7
103,123,185,4,7374,70
104,56,411,5,2789,8
105,204,21,4,5549,97
106,195,419,5,2419,33
107,100,205,2,2893,57
108,157,418,2,3650,19
109,352,180,4,7665,21
110,194,472,2,998,18
111,148,34,2,4726,68
112,116,205,3,1894,62
113,300,255,1,1987,35
114,103,121,4,7833,46
115,225,322,4,4227,32
116,278,321,5,555,9
117,89,228,3,5106,18
118,270,322,1,7488,80
119,498,171,5,816,96
120,64,125,3,4635,96
121,391,3,5,1069,69
122,80,136,3,6849,98
123,245,213,5,2429,52
124,1,62,3,3654,16
125,430,85,3,2000,18
126,473,40,3,6762,55
127,340,293,4,6460,44
128,250,64,5,2008,86
129,189,346,2,4908,84
130,274,475,2,7963,23
131,195,410,5,7405,30
132,133,382,3,7397,30
133,48,51,3,7078,44
134,53,292,1,4885,2
135,131,186,3,1266,21
136,51,489,1,598,74
137,5,464,2,4769,91
138,419,210,4,7164,69
139,383,496,1,5347,90
140,96,42,2,2709,65
141,301,356,3,4626,71
142,274,59,3,6599,87
143,384,168,3,5199,95
144,421,199,4,7116,24
145,365,289,3,7136,78
146,24,143,1,7763,24
147,24,142,2,2666,13
148,221,392,5,5708,67
149,27,311,2,3439,12
150,187,375,4,299,81
151,435,2,2,7346,32
152,316,318,3,7617,90
153,33,173,1,612,71
154,453,182,4,6000,96
155,489,162,1,1867,45
156,388,418,2,2547,88
157,100,306,5,3244,70
158,324,226,2,4214,98
159,106,212,3,671,20
160,78,203,2,6366,63
161,476,410,3,820,19
162,229,60,1,2938,52
163,481,183,2,3608,56
164,396,96,4,5438,11
165,464,371,1,7504,74
166,324,336,5,3499,72
167,129,223,-5,1737,17
168,241,276,4,4327,77
169,466,126,2,4286,63
170,474,7,4,1914,75
171,70,488,1,6845,32
172,144,364,3,4646,83
173,478,244,3,4273,67
174,290,423,1,1274,90
175,263,20,3,4007,12
176,378,106,5,1169,79
177,157,263,3,4157,35
178,289,478,3,4256,82
179,406,229,3,5122,53
180,94,339,2,7399,37
181,192,109,3,382,39
182,453,137,4,6342,4
183,433,307,-4,7718,32
184,130,241,3,6076,20
185,20,303,4,5554,18
186,170,150,5,946,46
187,428,70,4,2692,82
188,56,347,-4,2195,20
189,48,314,1,7841,72
190,136,494,1,2989,50
191,66,388,1,6456,90
192,322,327,5,6710,25
193,71,41,2,6668,93
194,376,360,3,3637,3
195,384,263,1,3472,26
196,22,207,4,4741,92
197,227,113,5,1649,40
198,94,437,4,6081,96
199,243,159,2,4649,77
200,382,199,4,3927,61
201,112,302,3,474,47
202,235,308,4,7222,81
203,149,112,3,1114,20
204,428,46,3,4688,68
205,166,457,1,5117,77
206,354,220,1,7544,3
207,292,397,4,4862,39
208,383,477,5,6290,52
209,378,372,3,4374,57
210,137,118,2,2177,39
211,18,98,5,597,27
212,237,460,3,7214,94
213,161,376,4,7080,88
214,77,261,4,4761,5
215,378,71,3,5704,89
216,287,342,3,5532,5
217,36,387,2,491,43
218,227,422,5,6399,19
219,188,191,5,3426,4
220,111,368,2,1079,75
221,432,336,3,6808,55
222,145,439,3,5226,9
223,286,294,5,5491,89
224,168,432,3,1497,62
225,14,417,4,2894,65
226,314,245,5,252,42
227,166,431,3,4337,32
228,13,2,-3,7029,44
229,495,148,4,4505,28
230,3,397,3,3081,23
231,490,344,3,1251,42
232,63,340,5,5527,73
233,188,453,5,1178,26
234,358,356,1,6310,78
235,9,254,5,1189,33
236,496,31,2,922,93
237,121,340,5,3138,6
238,236,347,5,4046,55
239,149,128,1,3353,21
240,98,436,3,3175,19
241,248,224,1,4379,12
242,306,165,2,7824,1
243,206,233,1,891,60
244,88,485,2,6407,63
245,436,438,3,3470,89
246,471,180,1,5732,20
247,482,264,1,7238,83
248,381,28,1,1450,0
249,110,381,5,223,69
250,235,200,2,1846,30
251,178,344,1,3873,64
252,8,433,2,3016,37
253,328,395,4,1081,29
254,306,125,5,7424,9
255,465,285,4,6202,67
256,293,296,3,1436,31
257,440,232,3,4127,80
258,274,375,3,6659,72
259,401,499,5,4913,35
260,123,464,5,3843,48
261,113,497,4,5893,91
262,202,342,1,4384,70
263,242,341,4,2630,50
264,184,423,5,1492,7
265,433,370,3,4781,59
266,402,241,3,5195,1
267,368,363,3,6110,57
268,157,402,5,6491,82
269,374,50,3,7984,95
270,339,463,1,5418,99
271,208,455,2,876,71
272,15,473,1,324,73
273,301,106,2,1987,86
274,285,323,3,5164,25
275,450,10,3,4339,33
276,265,277,2,7739,17
277,105,165,5,2190,21
278,463,491,5,5566,29
279,187,27,2,1482,98
280,404,317,5,1078,21
281,9,249,5,488,95
282,292,293,1,4752,58
283,367,427,2,777,12
284,282,82,5,2980,38
285,476,492,1,4039,30
286,363,269,4,5155,72
287,106,329,2,6619,30
288,71,58,4,3037,48
289,63,164,2,4404,95
290,48,120,1,4179,48
291,405,470,3,508,17
292,208,326,5,252,21
293,298,202,2,6740,94
294,136,173,4,4850,91
295,175,424,4,3043,46
296,5,472,5,6953,57
297,227,462,1,2494,23
298,292,397,-1,6196,82
299,346,216,2,6211,58
300,233,38,4,6731,91
301,126,376,3,4889,23
302,400,88,3,7039,73
303,464,381,3,1755,78
304,119,444,2,6167,31
305,241,93,4,6995,36
306,71,277,2,4764,64
307,53,433,2,4440,32
308,261,395,2,2888,4
309,70,135,5,774,31
310,179,150,4,2966,88
311,425,77,4,7539,36
312,106,132,2,7256,65
313,18,255,4,7555,46
314,184,73,3,5480,17
315,408,44,2,5824,81
316,491,312,2,4323,31
317,116,67,1,1533,41
318,231,491,3,7131,51
319,139,323,5,2246,94
320,88,216,3,3687,82
321,404,446,2,2145,98
322,372,221,3,3984,24
323,471,51,5,2346,2
324,436,409,1,7260,56
325,371,275,4,4925,83
326,430,236,1,1328,48
327,298,18,4,6386,30
328,115,149,4,5683,54
329,173,224,3,1461,80
330,341,398,2,1130,37
331,141,346,2,1258,2
332,39,29,4,6844,85
333,217,122,3,5232,18
334,457,473,2,2284,92
335,54,175,4,3310,33
336,69,19,-4,3622,8
337,254,164,4,5312,84
338,339,234,2,2681,19
339,488,458,5,5361,90
340,59,123,4,4809,29
341,460,184,1,3456,97
342,27,133,2,5281,45
343,313,370,3,7617,61
344,299,226,5,7103,99
345,321,47,3,2049,37
346,321,10,3,908,63
347,456,138,-3,2560,56
348,360,400,3,1410,26
349,418,230,2,7044,91
350,340,264,2,6837,72
351,219,408,2,1547,90
352,483,165,-2,4655,42
353,351,139,1,3857,39
354,86,70,4,2337,60
355,110,429,2,4377,92
356,41,286,1,1973,64
357,470,287,3,7173,44
358,208,387,-3,3356,15
359,20,7,4,6340,67
360,197,457,5,3213,29
361,238,85,1,494,50
362,321,436,4,6595,93
363,343,156,3,3962,16
364,100,156,3,1305,51
365,449,10,2,4422,21
366,188,135,3,574,94
367,186,29,3,3112,93
368,71,14,2,2281,25
369,133,474,1,6165,39
370,259,399,1,2970,20
371,400,250,4,3980,81
372,412,75,3,5845,6
373,299,440,5,2308,69
374,184,208,3,4706,45
375,229,393,1,6362,88
376,339,297,2,6279,35
377,350,77,1,6015,87
378,165,244,5,2495,89
379,289,465,5,5983,39
380,336,96,5,6648,1
381,325,190,3,4192,63
382,402,41,3,3642,28
383,39,159,1,2417,71
384,470,44,4,6923,50
385,446,267,1,5370,71
386,324,120,1,2198,88
387,457,489,2,7291,72
388,390,340,1,4922,5
389,392,488,2,2697,53
390,324,385,5,5768,91
391,381,465,3,7023,71
392,311,70,2,3137,18
393,382,244,4,4863,69
394,167,417,2,852,37
395,90,334,2,5845,91
396,428,203,3,3564,66
397,498,429,1,4875,62
398,386,310,3,437,21
399,244,175,4,7030,60
400,179,129,2,4894,37
401,293,65,4,754,48
402,33,99,5,5071,87
403,332,320,4,7175,40
404,74,331,-4,342,14
405,462,479,3,7021,34
406,113,440,3,4412,60
407,108,209,4,225,92
408,455,362,4,6612,24
409,402,291,2,6802,74
410,277,471,4,3955,53
411,321,232,2,5356,8
412,284,380,4,5059,1
413,8,169,3,4720,1
414,343,138,1,6315,17
415,475,430,2,7235,20
416,480,474,2,2907,51
417,93,23,5,4448,17
418,374,264,3,832,25
419,109,154,1,5245,56
420,311,204,3,3008,64
421,288,8,3,4380,97
422,258,363,1,4703,7
423,228,425,3,2502,35
424,382,231,5,5078,63
425,308,376,5,506,95
426,378,397,2,2653,36
427,9,243,5,1850,84
428,471,110,3,3552,7
429,185,102,-3,5757,56
430,313,164,5,388,59
431,5,49,1,6444,68
432,283,262,5,3927,89
433,331,252,3,675,64
434,187,495,2,5990,27
435,12,234,3,4299,69
436,498,239,3,7657,17
437,444,17,-3,1149,4
438,437,461,2,5407,85
439,448,222,1,889,67
440,369,412,3,5885,84
441,264,418,1,4452,78
442,267,263,2,420,15
443,349,485,3,6323,64
444,219,405,2,3361,69
445,240,186,-2,1130,3
446,372,147,5,7701,32
447,178,182,2,6664,84
448,71,355,3,5764,7
449,56,215,1,5909,18
450,485,192,4,4441,72
451,232,225,1,6911,33
452,63,33,5,6174,23
453,61,266,1,6148,72
454,454,132,2,916,4
455,425,382,-2,7351,98
456,293,34,4,2884,23
457,135,57,2,4540,91
458,462,37,5,2999,78
459,282,295,5,4692,28
460,137,339,4,1133,53
461,124,94,4,6589,100
462,377,276,3,4347,71
463,422,343,2,5251,51
464,137,256,3,5836,13
465,493,295,1,3368,35
466,311,366,2,2774,80
467,349,391,4,2326,47
468,244,465,2,6140,56
469,340,295,4,1989,64
470,194,196,2,2418,49
471,483,177,3,585,46
472,363,104,2,2286,100
473,301,377,5,1403,97
474,91,263,2,5482,80
475,159,480,5,1476,74
476,154,396,1,1264,88
477,94,386,2,5260,21
478,200,61,1,3819,83
479,284,413,1,3979,36
480,363,137,4,2313,63
481,494,259,4,6005,59
482,2,353,1,4671,86
483,478,393,1,5312,49
484,73,128,4,7974,37
485,25,127,4,4485,19
486,128,107,1,367,9
487,94,404,4,1359,1
488,245,332,4,4936,17
489,177,94,3,7769,93
490,59,499,2,3296,63
491,271,35,3,5694,52
492,257,119,4,1359,90
493,2,197,3,3029,83
494,389,333,1,911,77
495,264,390,4,1162,69
496,130,62,1,4443,79
497,374,337,3,5521,96
498,327,295,1,2188,99
499,244,34,4,7741,63
500,213,329,5,6804,15
