order_id,customer_fullname,gender,age,city,state,order_date,product,category,quantity,unit_price,payment_mode,delivery_status,rating,Total_amount,is_delivered
1,Connie Boyd,Male,41,Delhi,Delhi,24/11/2023,Phone,Electronics,2,599,unknown,Delivered,0,1198,1
2,Daniel Jimenez,Male,30,Delhi,Karnataka,01-17-2023,Laptop,Electronics,0,599,Crypto,Pending,0,0,0
3,Mark Young,F,41,Jaipur,Delhi,2023-04-23,Headphones,Accessories,0,29999,Cash,Pending,4,0,0
4,Richard Smith,M,22,Mumbai,Maharashtra,22/02/2023,Phone,Electronics,0,29999,UPI,unknown,0,0,0
5,Marcus Wang,Male,150,Mumbai,Karnataka,05-13-2024,Printer,Electronics,3,1499,unknown,Delivered,3,4497,1
6,Brianna Dennis,Male,30,Jaipur,Gujarat,2023-04-27,Monitor,Electronics,3,500,unknown,Cancelled,4,1500,0
7,Jose Mitchell,Unknown,22,Bengaluru,Delhi,01/07/2023,Keyboard,Accessories,0,1499,Card,unknown,8,0,0
8,Nathan Marshall,Unknown,22,Delhi,Rajasthan,04-18-2024,Keyboard,Accessories,3,500,Cash,Delivered,4,1500,1
9,Diana Richardson,Female,-5,Ahmedabad,Gujarat,2024-03-24,Tablet,Electronics,2,29999,Card,Pending,0,59998,0
10,Tiffany James DDS,F,-5,Mumbai,Delhi,15/05/2023,Printer,Electronics,2,500,UPI,Delivered,3,1000,1
11,Shannon Fletcher,M,150,Jaipur,Gujarat,11-18-2023,Mouse,Accessories,0,500,Crypto,Cancelled,0,0,0
12,Debbie Bailey,F,41,Mumbai,Rajasthan,2023-12-15,Phone,Electronics,3,500,Card,unknown,3,1500,0
13,John Gross,F,49,Delhi,Karnataka,24/03/2024,Monitor,Electronics,1,29999,unknown,Pending,4,29999,0
14,Jamie Drake,F,150,Jaipur,Karnataka,01-26-2024,Mouse,Accessories,3,500,UPI,Delivered,5,1500,1
15,Roger Charles,Female,150,Jaipur,Rajasthan,2023-05-03,Laptop,Electronics,0,599,Crypto,Pending,4,0,0
16,Brooke Williams,Unknown,150,Bengaluru,Gujarat,01/09/2023,Mouse,Accessories,2,1499,unknown,Cancelled,8,2998,0
18,Michael Jenkins,F,30,Jaipur,Rajasthan,2023-10-11,Keyboard,Accessories,1,1499,UPI,Delivered,5,1499,1
19,Pamela Martinez,Unknown,-5,Delhi,Karnataka,21/09/2023,Keyboard,Accessories,2,500,Card,unknown,3,1000,0
20,Derrick Carson,Male,-5,Mumbai,Gujarat,04-08-2023,Phone,Electronics,0,500,unknown,Delivered,3,0,1
21,Crystal Smith,Male,30,Delhi,Delhi,2023-07-26,Tablet,Electronics,0,500,Card,unknown,4,0,0
22,Julia Yates,Male,-5,Bengaluru,Rajasthan,25/08/2023,Keyboard,Accessories,1,599,UPI,Pending,4,599,0
23,Jose Peterson,Female,-5,Jaipur,Delhi,09-06-2023,Headphones,Accessories,0,599,unknown,Cancelled,8,0,0
24,William Smith,Female,30,Mumbai,Delhi,2023-08-05,Headphones,Accessories,1,599,unknown,Cancelled,3,599,0
25,Edward Moore,F,150,Delhi,Rajasthan,27/10/2023,Headphones,Accessories,0,599,Card,Delivered,0,0,1
26,Gary Ramsey,M,49,Jaipur,Karnataka,12-12-2023,Keyboard,Accessories,2,599,Crypto,Delivered,8,1198,1
27,Hannah Cherry,Unknown,30,Mumbai,unknown,2023-10-26,Tablet,Electronics,2,29999,unknown,Pending,5,59998,0
28,Andrew Knight,Male,-5,Bengaluru,Karnataka,11/06/2023,Phone,Electronics,1,599,Crypto,Pending,0,599,0
30,Mrs. Brittany Rodriguez,F,41,Jaipur,Delhi,2023-09-28,Laptop,Electronics,3,599,UPI,Pending,5,1797,0
31,Sarah Chavez,Unknown,30,unknown,Maharashtra,06/11/2023,Keyboard,Accessories,0,500,Cash,Delivered,3,0,1
32,Jessica Evans,Male,22,Mumbai,Delhi,08-05-2023,Monitor,Electronics,3,1499,unknown,unknown,0,4497,0
33,Andrew Vincent,Male,22,Delhi,Karnataka,2023-08-07,Laptop,Electronics,1,29999,Crypto,Pending,8,29999,0
35,Michael Garcia,Female,30,Ahmedabad,Rajasthan,03-21-2023,Keyboard,Accessories,2,29999,unknown,Pending,5,59998,0
36,Timothy Oliver,M,22,Ahmedabad,Delhi,2024-02-08,Phone,Electronics,2,500,Cash,Cancelled,4,1000,0
37,Kelly Evans,M,41,Mumbai,Rajasthan,13/01/2023,unknown,Accessories,3,29999,unknown,unknown,0,89997,0
38,John Holt,Male,41,Delhi,Karnataka,04-25-2024,Laptop,Electronics,3,599,UPI,unknown,3,1797,0
39,Kristen Lopez,M,49,Bengaluru,Karnataka,2024-01-09,Tablet,Electronics,1,500,Crypto,Pending,5,500,0
40,Jesse Larson,Male,150,Bengaluru,Delhi,29/12/2023,Printer,Electronics,3,500,UPI,Cancelled,0,1500,0
41,Thomas Mason,Unknown,150,Mumbai,Gujarat,12-06-2023,Phone,unknown,3,500,unknown,Cancelled,0,1500,0
42,Angela Anderson,M,30,Bengaluru,Karnataka,2023-04-09,Printer,Electronics,3,500,Crypto,Delivered,5,1500,1
43,Timothy Spencer,F,150,Mumbai,Gujarat,18/04/2023,Printer,Electronics,0,500,unknown,Pending,0,0,0
44,Andrew Hill,Male,41,Bengaluru,Karnataka,02-11-2024,Mouse,Accessories,3,599,Card,Cancelled,4,1797,0
45,Dennis Mason,Male,30,Ahmedabad,Karnataka,2023-03-17,Laptop,Electronics,1,500,unknown,Pending,8,500,0
46,Karen Allen,Female,22,Jaipur,Gujarat,24/07/2023,Keyboard,Accessories,2,1499,unknown,unknown,3,2998,0
47,Nina Bishop,M,30,Ahmedabad,Karnataka,05-08-2023,Phone,Electronics,0,29999,unknown,unknown,0,0,0
48,Michelle Webb,M,-5,Mumbai,Delhi,2024-04-04,Mouse,Accessories,3,500,unknown,Pending,5,1500,0
49,Brenda Kane,Female,41,Mumbai,Maharashtra,09/02/2023,Monitor,Electronics,0,599,Card,Pending,4,0,0
50,William Larson,Female,22,Ahmedabad,Gujarat,12-22-2023,Mouse,Accessories,3,500,unknown,Delivered,4,1500,1
52,Jamie King,M,49,Delhi,Maharashtra,12/01/2024,Keyboard,Accessories,0,500,UPI,unknown,5,0,0
53,Cynthia Bass,Female,-5,Delhi,Karnataka,12-14-2023,Printer,Electronics,0,599,unknown,Delivered,3,0,1
54,Samuel Anderson,M,30,Jaipur,unknown,2023-08-08,Mouse,Accessories,3,500,Cash,Pending,8,1500,0
55,Sara Wilson,Unknown,-5,Mumbai,Rajasthan,22/06/2023,Printer,Electronics,0,599,unknown,Delivered,5,0,1
56,Matthew Torres,Male,22,Delhi,Delhi,11-29-2023,Phone,Electronics,1,1499,Card,Pending,8,1499,0
57,Amber Johnson,M,41,Mumbai,Delhi,2023-02-28,Keyboard,Accessories,0,599,Card,Cancelled,3,0,0
59,Elizabeth Velez,F,22,Bengaluru,Rajasthan,01-31-2024,Monitor,Electronics,3,500,unknown,Cancelled,3,1500,0
60,Robert Carroll,Male,-5,Ahmedabad,Rajasthan,2023-11-28,Tablet,Electronics,0,29999,unknown,unknown,4,0,0
61,Amanda Reed,F,150,Ahmedabad,Gujarat,01/04/2023,Monitor,Electronics,0,29999,Cash,Pending,3,0,0
62,Adam Smith,Female,-5,unknown,Karnataka,03-27-2024,Headphones,Accessories,0,500,Cash,Delivered,8,0,1
63,Jason Warren,Female,41,Mumbai,Maharashtra,2023-04-04,Headphones,Accessories,3,29999,Crypto,Delivered,0,89997,1
64,James Jones,M,-5,Bengaluru,Delhi,13/02/2023,Keyboard,Accessories,0,500,unknown,Delivered,3,0,1
65,Robert Garza,Female,49,Mumbai,Karnataka,04-24-2023,Printer,Electronics,3,500,Crypto,Cancelled,8,1500,0
66,Miguel West,Unknown,-5,Mumbai,Maharashtra,2023-10-09,Tablet,Electronics,3,1499,UPI,Pending,5,4497,0
67,Ann Riley,Female,30,Ahmedabad,Maharashtra,16/01/2024,Mouse,Accessories,0,29999,UPI,Pending,5,0,0
69,David Good,Male,22,Bengaluru,Maharashtra,2024-03-20,Headphones,Accessories,0,500,unknown,Cancelled,4,0,0
70,Julie Benitez,Male,22,Ahmedabad,Gujarat,10/05/2023,Headphones,Accessories,1,599,Card,Pending,0,599,0
71,Sabrina Ortiz,Male,150,Ahmedabad,Karnataka,02-13-2023,Keyboard,Accessories,0,1499,Crypto,unknown,8,0,0
72,Angie Vincent,Unknown,150,Bengaluru,Rajasthan,2023-06-02,Printer,Electronics,0,599,Card,Pending,5,0,0
73,Katherine Fritz,Female,30,Bengaluru,Rajasthan,11/02/2023,Mouse,Accessories,2,599,unknown,unknown,0,1198,0
74,Nathaniel Moody,Female,41,Mumbai,Gujarat,05-30-2023,unknown,Electronics,1,1499,Cash,Pending,8,1499,0
75,Jeffrey Powell,Female,41,Delhi,Rajasthan,2023-10-06,Keyboard,Accessories,1,1499,Cash,Cancelled,8,1499,0
76,Deborah White,M,41,Bengaluru,Karnataka,28/08/2023,Monitor,Electronics,0,500,UPI,Delivered,3,0,1
77,Christy Howard,F,41,Jaipur,Rajasthan,01-12-2024,Tablet,Electronics,2,599,unknown,Cancelled,0,1198,0
78,Heather Singh,M,49,Bengaluru,Gujarat,2024-01-26,Mouse,Accessories,3,1499,Crypto,unknown,8,4497,0
79,Miguel Russell,M,41,Mumbai,Rajasthan,29/08/2023,Tablet,Electronics,2,29999,unknown,unknown,5,59998,0
80,Judy Gonzalez,F,22,Ahmedabad,Rajasthan,04-28-2024,Printer,Electronics,3,29999,Cash,Delivered,8,89997,1
81,Rachel Garcia,F,-5,Ahmedabad,unknown,2024-02-27,Laptop,Electronics,1,1499,Crypto,Cancelled,0,1499,0
82,Karen Richardson,Male,30,Mumbai,Karnataka,17/11/2023,Headphones,unknown,2,29999,unknown,unknown,3,59998,0
83,Brittany Stevens,Female,41,Bengaluru,Rajasthan,05-13-2024,Keyboard,Accessories,0,500,UPI,Pending,3,0,0
84,Kristen Gray,Female,-5,Mumbai,Karnataka,2024-04-29,Phone,Electronics,3,500,unknown,unknown,4,1500,0
86,Jeffrey Evans,Unknown,41,Bengaluru,Karnataka,05-17-2023,Laptop,Electronics,0,1499,unknown,unknown,5,0,0
88,Austin Clark,M,-5,Delhi,Gujarat,17/01/2024,Headphones,Accessories,1,1499,Crypto,Cancelled,3,1499,0
89,Jeffrey Lawrence,Male,30,Ahmedabad,Delhi,02-21-2023,Headphones,Accessories,1,500,Cash,Cancelled,0,500,0
90,John Pugh,Unknown,150,Ahmedabad,Maharashtra,2023-07-23,Phone,Electronics,0,599,Crypto,Delivered,4,0,1
91,Stacy Sutton,Female,49,Jaipur,Gujarat,17/12/2023,Monitor,Electronics,1,599,unknown,Pending,5,599,0
92,Kathryn Wagner,Male,41,Mumbai,Maharashtra,01-24-2023,Tablet,Electronics,0,1499,Card,unknown,0,0,0
93,Jennifer Moore,Female,30,unknown,Rajasthan,2024-02-10,Mouse,Accessories,0,500,Crypto,Pending,8,0,0
94,Daniel Wilson,M,41,Ahmedabad,Maharashtra,15/03/2023,Keyboard,Accessories,1,500,Cash,Pending,3,500,0
95,Robert Collins,F,41,Ahmedabad,Maharashtra,04-28-2024,Tablet,Electronics,0,29999,Card,unknown,3,0,0
96,Henry Powers,M,150,Mumbai,Karnataka,2023-02-24,Keyboard,Accessories,3,29999,UPI,unknown,5,89997,0
97,Edward Reynolds,F,-5,Mumbai,Delhi,17/10/2023,Laptop,Electronics,0,29999,Card,Pending,0,0,0
98,Christopher Cantrell,Male,22,Mumbai,Gujarat,12-14-2023,Mouse,Accessories,1,29999,unknown,Pending,3,29999,0
99,Tammy Campbell,Female,30,Delhi,Karnataka,2023-06-17,Printer,Electronics,3,29999,Card,Cancelled,8,89997,0
100,Leslie English,Male,-5,Jaipur,Delhi,18/01/2024,Tablet,Electronics,2,500,Crypto,Cancelled,3,1000,0
101,Albert Dixon,F,22,Ahmedabad,Maharashtra,01-08-2023,Monitor,Electronics,3,500,unknown,Cancelled,3,1500,0
103,Vincent Stokes PhD,Male,30,Jaipur,Rajasthan,04/06/2023,Printer,Electronics,3,500,UPI,Delivered,4,1500,1
104,Ashley Bishop,M,49,Mumbai,Karnataka,03-11-2023,Printer,Electronics,0,1499,unknown,Delivered,8,0,1
105,Pamela Harrell,Male,41,Delhi,Gujarat,2023-07-28,Monitor,Electronics,0,1499,Cash,Delivered,5,0,1
106,Cassandra Black,Male,-5,Mumbai,Delhi,06/04/2024,Tablet,Electronics,1,500,UPI,Pending,0,500,0
107,Wendy West,Female,30,Bengaluru,Delhi,01-26-2023,Tablet,Electronics,1,1499,Crypto,Pending,4,1499,0
108,Brianna Miller,F,22,Mumbai,unknown,2024-02-01,Mouse,Accessories,2,1499,Crypto,Cancelled,4,2998,0
109,Melissa Shelton,Female,22,Mumbai,Delhi,05/12/2023,Laptop,Electronics,0,29999,UPI,Pending,5,0,0
110,Maria Russo,F,22,Jaipur,Gujarat,03-06-2023,Printer,Electronics,0,29999,Crypto,Delivered,8,0,1
111,Charles Lucas,F,41,Ahmedabad,Rajasthan,2023-04-24,unknown,Electronics,1,500,unknown,unknown,3,500,0
112,Martha Crawford,Male,22,Mumbai,Karnataka,31/12/2023,Headphones,Accessories,2,599,Card,Cancelled,0,1198,0
113,Jacob Campbell,M,150,Bengaluru,Maharashtra,10-27-2023,Tablet,Electronics,0,500,UPI,Delivered,0,0,1
114,Christopher Duran,M,-5,Delhi,Gujarat,2024-03-19,Keyboard,Accessories,3,500,unknown,unknown,3,1500,0
115,Christopher Gallagher,M,41,Mumbai,Maharashtra,18/02/2023,Tablet,Electronics,2,500,UPI,Delivered,3,1000,1
117,Reginald Armstrong DDS,Male,49,Mumbai,Karnataka,2024-03-23,Printer,Electronics,3,29999,UPI,Pending,4,89997,0
118,Erik Johnson,Male,41,Bengaluru,Maharashtra,04/09/2023,Keyboard,Accessories,1,29999,Crypto,Pending,8,29999,0
120,Stephanie Jones,F,-5,Jaipur,Delhi,2024-03-21,Mouse,Accessories,1,599,unknown,Pending,8,599,0
121,Laura Ford,Female,41,Mumbai,Maharashtra,21/08/2023,Tablet,Electronics,0,599,UPI,Pending,4,0,0
122,Melissa Tapia,Unknown,-5,Ahmedabad,Gujarat,01-26-2023,Phone,Electronics,0,500,unknown,Cancelled,4,0,0
123,Jerry Perez,M,22,Mumbai,Karnataka,2023-02-28,Tablet,unknown,0,29999,UPI,Pending,8,0,0
124,Melissa Ryan,Female,41,unknown,Delhi,29/01/2023,Laptop,Electronics,2,29999,Cash,Cancelled,3,59998,0
125,William Bates,Female,30,Ahmedabad,Karnataka,09-12-2023,Printer,Electronics,2,29999,UPI,unknown,3,59998,0
126,Amy Henry,Male,41,Bengaluru,Gujarat,2023-01-10,Headphones,Accessories,0,500,unknown,unknown,5,0,0
127,Andrew Brady,Unknown,30,Bengaluru,Gujarat,27/07/2023,Laptop,Electronics,3,599,unknown,Delivered,4,1797,1
128,Lisa Sanchez,F,22,Ahmedabad,Maharashtra,10-29-2023,Printer,Electronics,3,1499,Cash,Pending,3,4497,0
129,Ryan Hamilton,F,150,Delhi,Maharashtra,2023-11-21,Phone,Electronics,3,1499,Card,Delivered,4,4497,1
130,Christina Scott,F,49,Delhi,Rajasthan,12/04/2023,Mouse,Accessories,2,500,unknown,unknown,0,1000,0
131,Kelly Williams,Unknown,30,Ahmedabad,Rajasthan,11-22-2023,Tablet,Electronics,0,500,unknown,Cancelled,5,0,0
132,Pamela Wright,F,22,Mumbai,Gujarat,2023-01-29,Tablet,Electronics,0,599,UPI,Cancelled,5,0,0
133,Kathleen Friedman,F,150,Bengaluru,Gujarat,27/11/2023,Phone,Electronics,0,599,unknown,Pending,3,0,0
134,Michael Wade,F,30,Jaipur,Gujarat,11-06-2023,Headphones,Accessories,1,29999,unknown,Delivered,0,29999,1
135,Christina Cooper,Female,-5,Ahmedabad,unknown,2023-03-30,Laptop,Electronics,0,1499,Cash,Cancelled,5,0,0
137,Justin Brown,Unknown,22,Bengaluru,Delhi,01-06-2024,Mouse,Accessories,3,29999,unknown,unknown,4,89997,0
138,Kimberly Hampton,Unknown,150,Ahmedabad,Maharashtra,2023-12-29,Phone,Electronics,2,599,unknown,unknown,0,1198,0
139,Linda Ford,Unknown,30,Delhi,Maharashtra,10/01/2023,Tablet,Electronics,0,1499,Card,Pending,4,0,0
140,Sean Oconnor,F,150,Bengaluru,Rajasthan,06-01-2023,Phone,Electronics,3,1499,Crypto,unknown,4,4497,0
141,Jack Schwartz,M,22,Ahmedabad,Maharashtra,2023-04-03,Mouse,Accessories,2,500,Crypto,Cancelled,8,1000,0
142,Brent Jones,Unknown,-5,Delhi,Maharashtra,01/10/2023,Keyboard,Accessories,0,500,unknown,Cancelled,8,0,0
143,David Hunter,Female,49,Delhi,Karnataka,09-28-2023,Printer,Electronics,2,29999,UPI,unknown,5,59998,0
144,Randy Walker,F,22,Mumbai,Rajasthan,2024-04-23,Phone,Electronics,2,29999,unknown,Pending,8,59998,0
146,Joshua Sanchez,Female,22,Mumbai,Rajasthan,02-11-2023,Tablet,Electronics,3,1499,Card,Delivered,5,4497,1
147,Joshua Martin,M,-5,Bengaluru,Rajasthan,2023-12-23,Mouse,Accessories,1,599,Cash,Pending,4,599,0
148,Nancy Rice,Male,41,Delhi,Maharashtra,26/04/2024,unknown,Electronics,1,599,Card,unknown,0,599,0
149,Kevin Miller,M,150,Bengaluru,Rajasthan,02-02-2023,Phone,Electronics,0,1499,unknown,Pending,5,0,0
150,Jennifer Adams,Female,150,Ahmedabad,Delhi,2023-01-01,Tablet,Electronics,1,29999,UPI,Delivered,8,29999,1
151,Joshua Rice,Unknown,41,Jaipur,Maharashtra,23/01/2023,Printer,Electronics,1,29999,Card,Delivered,0,29999,1
152,Danielle Lewis,Female,22,Mumbai,Karnataka,01-23-2024,Tablet,Electronics,3,1499,unknown,unknown,3,4497,0
154,Diane Sparks,F,-5,Bengaluru,Gujarat,22/04/2024,Monitor,Electronics,3,599,unknown,Pending,5,1797,0
155,Heather Marshall,Unknown,41,unknown,Rajasthan,03-17-2024,Laptop,Electronics,3,500,unknown,unknown,8,1500,0
156,Desiree Anderson,M,49,Ahmedabad,Maharashtra,2024-05-13,Mouse,Accessories,0,29999,UPI,unknown,3,0,0
157,Jeremy Martinez,F,41,Mumbai,Rajasthan,05/11/2023,Mouse,Accessories,1,29999,unknown,Cancelled,5,29999,0
158,Sara Hernandez,Female,-5,Mumbai,Gujarat,11-05-2023,Printer,Electronics,1,29999,Crypto,unknown,5,29999,0
159,Anthony Short,Male,-5,Mumbai,Karnataka,2024-02-10,Laptop,Electronics,2,599,Card,unknown,3,1198,0
160,James Barber,Unknown,41,Ahmedabad,Karnataka,04/02/2023,Keyboard,Accessories,1,1499,unknown,unknown,5,1499,0
161,Manuel Weeks,F,30,Bengaluru,Maharashtra,08-16-2023,Phone,Electronics,0,29999,unknown,Cancelled,4,0,0
162,Andrew George,M,150,Ahmedabad,unknown,2023-01-14,Mouse,Accessories,0,599,Cash,Cancelled,8,0,0
163,Seth Mcintyre,M,30,Jaipur,Delhi,10/11/2023,Monitor,Electronics,1,500,Card,unknown,3,500,0
164,Paul Briggs,Unknown,22,Bengaluru,Karnataka,05-10-2024,Tablet,unknown,3,29999,Card,Pending,5,89997,0
165,Joseph Cardenas,Female,30,Delhi,Gujarat,2023-04-25,Phone,Electronics,1,29999,Crypto,Cancelled,8,29999,0
166,Katelyn Walker,Male,41,Ahmedabad,Gujarat,08/03/2023,Phone,Electronics,0,500,unknown,Delivered,4,0,1
167,Johnny Todd,M,-5,Bengaluru,Maharashtra,11-25-2023,Phone,Electronics,2,1499,Card,unknown,0,2998,0
168,Laura Bates,F,30,Mumbai,Delhi,2024-03-01,Phone,Electronics,2,29999,unknown,Pending,5,59998,0
169,Amanda Kim,Male,49,Mumbai,Delhi,03/04/2024,Monitor,Electronics,0,29999,Card,Cancelled,0,0,0
171,Keith Roberson,Female,150,Ahmedabad,Karnataka,2023-01-24,Monitor,Electronics,1,500,unknown,Cancelled,3,500,0
172,Caitlyn Figueroa,M,30,Ahmedabad,Maharashtra,04/05/2024,Monitor,Electronics,0,599,unknown,Delivered,4,0,1
173,Roy Martinez,M,30,Mumbai,Karnataka,08-01-2023,Headphones,Accessories,2,29999,unknown,Cancelled,5,59998,0
175,Nicholas Wilson,Male,41,Ahmedabad,Karnataka,14/03/2023,Phone,Electronics,0,1499,Card,Cancelled,0,0,0
176,Christina Burnett,Female,-5,Bengaluru,Gujarat,06-10-2023,Keyboard,Accessories,0,29999,unknown,Delivered,3,0,1
177,Raymond Small,Female,30,Bengaluru,Maharashtra,2023-09-16,Headphones,Accessories,1,599,Cash,unknown,0,599,0
178,Mary Velez,Unknown,150,Jaipur,Rajasthan,11/12/2023,Headphones,Accessories,0,1499,Cash,Cancelled,8,0,0
179,Susan Peters,Male,150,Bengaluru,Delhi,01-24-2023,Printer,Electronics,3,29999,UPI,unknown,0,89997,0
180,Tanya Warner,F,150,Jaipur,Delhi,2024-01-27,Monitor,Electronics,1,500,Cash,Cancelled,0,500,0
181,Heidi Singh,Female,150,Bengaluru,Gujarat,22/01/2024,Mouse,Accessories,0,599,UPI,Delivered,4,0,1
182,Katherine Ochoa,F,49,Ahmedabad,Delhi,06-20-2023,Headphones,Accessories,0,1499,Cash,Cancelled,4,0,0
183,Mr. Joseph Marsh,F,41,Bengaluru,Karnataka,2023-11-12,Monitor,Electronics,0,500,unknown,Cancelled,8,0,0
184,Dr. Kristie Berger,Male,-5,Bengaluru,Maharashtra,08/07/2023,Tablet,Electronics,1,500,Cash,Pending,3,500,0
185,Stephanie Lin,F,150,Ahmedabad,Delhi,09-03-2023,unknown,Accessories,2,599,Crypto,Delivered,4,1198,1
186,Eric Simmons,M,30,unknown,Gujarat,2023-08-14,Tablet,Electronics,2,500,Crypto,unknown,3,1000,0
188,David Williams,Unknown,150,Ahmedabad,Delhi,10-07-2023,Tablet,Electronics,2,29999,Crypto,Cancelled,4,59998,0
189,Kristie Williams,Female,-5,Mumbai,unknown,2024-01-30,Monitor,Electronics,0,29999,Crypto,Cancelled,5,0,0
190,James Phillips,M,41,Delhi,Maharashtra,21/10/2023,Printer,Electronics,1,29999,unknown,Delivered,3,29999,1
191,Gary Mitchell,Unknown,-5,Delhi,Delhi,04-18-2024,Headphones,Accessories,0,29999,Crypto,Cancelled,4,0,0
192,Kimberly Lee,Female,22,Bengaluru,Delhi,2023-11-12,Keyboard,Accessories,2,599,UPI,unknown,5,1198,0
193,Ryan Osborn,Female,22,Bengaluru,Delhi,30/08/2023,Phone,Electronics,0,500,unknown,Pending,5,0,0
194,Lori Villegas,Male,150,Delhi,Karnataka,05-27-2023,Laptop,Electronics,1,1499,unknown,Pending,3,1499,0
195,Matthew Nielsen,Female,49,Mumbai,Rajasthan,2024-02-08,Headphones,Accessories,1,29999,Crypto,Delivered,5,29999,1
196,Kayla Garcia,Female,150,Ahmedabad,Maharashtra,21/08/2023,Headphones,Accessories,2,599,Cash,Pending,8,1198,0
197,Robert Johnson,Male,41,Mumbai,Karnataka,05-12-2023,Mouse,Accessories,2,1499,Crypto,unknown,8,2998,0
198,Paul Lawson,M,22,Delhi,Delhi,2023-06-17,Phone,Electronics,0,29999,Card,Delivered,5,0,1
199,Nicholas Parker,Unknown,41,Mumbai,Karnataka,01/05/2023,Headphones,Accessories,0,599,Cash,Cancelled,4,0,0
200,Stephen White,M,41,Delhi,Gujarat,12-08-2023,Phone,Electronics,0,29999,unknown,Delivered,5,0,1
201,Chad Herrera,Female,30,Ahmedabad,Delhi,2023-11-11,Keyboard,Accessories,0,29999,unknown,unknown,0,0,0
202,Robert Walsh,Female,150,Jaipur,Karnataka,27/02/2024,Keyboard,Accessories,0,29999,UPI,Delivered,3,0,1
205,Timothy Garcia,Male,-5,Mumbai,Rajasthan,11/12/2023,Monitor,unknown,2,599,UPI,unknown,5,1198,0
206,Jeffrey Fleming,Male,-5,Jaipur,Maharashtra,02-02-2023,Laptop,Electronics,0,1499,Card,unknown,5,0,0
207,Michele Allen,M,22,Bengaluru,Delhi,2023-08-18,Printer,Electronics,3,599,Card,unknown,0,1797,0
208,Charles Pruitt,Male,49,Jaipur,Maharashtra,08/01/2024,Keyboard,Accessories,0,500,Crypto,unknown,4,0,0
209,Anthony Chavez,Female,41,Delhi,Rajasthan,08-24-2023,Tablet,Electronics,1,500,Crypto,Delivered,3,500,1
210,Jerome Cruz DDS,Male,150,Jaipur,Gujarat,2023-04-16,Phone,Electronics,0,599,Card,Delivered,8,0,1
211,Ryan Simpson,Male,30,Bengaluru,Maharashtra,30/04/2023,Keyboard,Accessories,2,29999,Crypto,Cancelled,4,59998,0
212,Megan Arnold,F,30,Ahmedabad,Maharashtra,03-24-2024,Mouse,Accessories,3,599,Crypto,Pending,8,1797,0
213,Vanessa Baker,Unknown,-5,Bengaluru,Maharashtra,2023-09-11,Laptop,Electronics,0,500,Card,Cancelled,8,0,0
214,Aaron Alexander,Female,30,Mumbai,Delhi,22/01/2024,Headphones,Accessories,0,599,Crypto,unknown,8,0,0
215,Margaret Williams,M,30,Mumbai,Delhi,09-29-2023,Mouse,Accessories,3,599,unknown,Cancelled,3,1797,0
216,April Rivera,Male,41,Ahmedabad,unknown,2024-01-06,Keyboard,Accessories,0,599,UPI,Pending,0,0,0
217,Valerie Vega,M,30,unknown,Maharashtra,10/12/2023,Keyboard,Accessories,3,599,Card,Pending,3,1797,0
218,Arthur Pham,Female,150,Delhi,Gujarat,01-22-2024,Headphones,Accessories,2,29999,Cash,unknown,8,59998,0
219,Randy Owens,Unknown,41,Mumbai,Karnataka,2023-11-29,Tablet,Electronics,0,500,UPI,unknown,5,0,0
220,Danielle Rodriguez,M,22,Bengaluru,Delhi,09/07/2023,Tablet,Electronics,2,599,Cash,unknown,5,1198,0
222,Carlos Soto,M,30,Mumbai,Delhi,2024-05-09,unknown,Accessories,2,500,Card,Delivered,0,1000,1
223,Daniel Hall,Male,22,Ahmedabad,Delhi,05/03/2024,Phone,Electronics,2,599,unknown,Pending,3,1198,0
224,Calvin Johnson,Unknown,22,Bengaluru,Karnataka,09-16-2023,Headphones,Accessories,0,500,UPI,Delivered,0,0,1
225,Rachel Mathews,Male,150,Mumbai,Karnataka,2023-07-30,Laptop,Electronics,3,599,Crypto,unknown,4,1797,0
226,Charles Meyer,F,30,Delhi,Delhi,15/04/2024,Phone,Electronics,0,29999,Cash,Cancelled,8,0,0
227,Lee Padilla,M,150,Delhi,Delhi,07-11-2023,Printer,Electronics,3,599,unknown,Delivered,3,1797,1
228,Alejandra Ellis,F,-5,Jaipur,Rajasthan,2023-07-14,Printer,Electronics,2,599,unknown,unknown,3,1198,0
229,Christopher Prince,F,22,Bengaluru,Rajasthan,06/02/2024,Tablet,Electronics,2,1499,unknown,unknown,5,2998,0
230,Carl Bailey,Unknown,150,Bengaluru,Rajasthan,04-18-2024,Phone,Electronics,2,29999,UPI,Pending,0,59998,0
231,Cathy Green,Male,41,Delhi,Karnataka,2024-01-21,Printer,Electronics,2,500,unknown,Cancelled,8,1000,0
233,Angela Alexander,Unknown,22,Mumbai,Gujarat,05-03-2024,Printer,Electronics,0,1499,Cash,unknown,8,0,0
234,Anthony Reed,Male,49,Bengaluru,Maharashtra,2023-12-15,Printer,Electronics,2,599,UPI,Cancelled,4,1198,0
235,Antonio Pearson,M,41,Mumbai,Rajasthan,31/12/2023,Mouse,Accessories,1,599,Cash,unknown,5,599,0
236,Andrew Harrison,Male,30,Ahmedabad,Gujarat,02-22-2023,Mouse,Accessories,0,500,UPI,Delivered,3,0,1
237,Patricia Hull,F,150,Mumbai,Gujarat,2023-10-11,Phone,Electronics,1,29999,unknown,unknown,3,29999,0
239,Michael Martin,Female,-5,Mumbai,Gujarat,03-16-2023,Phone,Electronics,3,500,UPI,Cancelled,5,1500,0
240,William Johnson,F,150,Delhi,Gujarat,2024-01-05,Headphones,Accessories,1,1499,Cash,Delivered,8,1499,1
241,Shelby Davis,Unknown,-5,Mumbai,Gujarat,06/03/2024,Printer,Electronics,0,1499,Cash,Cancelled,0,0,0
242,Jeremy Peters,Unknown,30,Ahmedabad,Maharashtra,04-13-2023,Headphones,Accessories,3,500,Crypto,Pending,5,1500,0
243,Daniel Ford,Unknown,22,Bengaluru,unknown,2023-05-24,Printer,Electronics,2,1499,unknown,Delivered,8,2998,1
244,Melissa Hamilton,Unknown,22,Ahmedabad,Gujarat,18/04/2023,Headphones,Accessories,2,29999,Card,Cancelled,4,59998,0
245,Bradley Edwards,Male,-5,Bengaluru,Gujarat,08-05-2023,Printer,Electronics,0,500,Crypto,unknown,0,0,0
246,Michael West,F,150,Jaipur,Rajasthan,2024-02-09,Tablet,unknown,2,29999,Card,Delivered,0,59998,1
247,Valerie Arias,Unknown,49,Ahmedabad,Rajasthan,13/12/2023,Printer,Electronics,1,599,Cash,Pending,3,599,0
248,Cheryl Roberts,M,41,unknown,Gujarat,01-18-2024,Keyboard,Accessories,0,1499,Cash,Delivered,8,0,1
249,Amanda Rojas,Male,22,Delhi,Maharashtra,2023-06-01,Printer,Electronics,3,29999,unknown,Pending,0,89997,0
250,Jade Stewart,Male,-5,Ahmedabad,Maharashtra,28/06/2023,Headphones,Accessories,1,29999,UPI,Delivered,3,29999,1
251,Kristen Mcpherson,Female,30,Bengaluru,Delhi,11-28-2023,Phone,Electronics,0,1499,Cash,unknown,8,0,0
252,Leslie Carpenter,Female,30,Ahmedabad,Gujarat,2024-02-13,Printer,Electronics,1,1499,unknown,unknown,8,1499,0
253,Kyle Guzman,Female,41,Jaipur,Karnataka,27/12/2023,Keyboard,Accessories,1,1499,Cash,Cancelled,4,1499,0
254,Desiree Holmes,M,150,Mumbai,Karnataka,02-28-2023,Monitor,Electronics,0,500,Crypto,Delivered,5,0,1
256,Rita Mcclure,Male,30,Mumbai,Delhi,03/05/2023,Monitor,Electronics,0,500,unknown,Pending,0,0,0
257,Christina Marks,M,150,Delhi,Karnataka,08-05-2023,Mouse,Accessories,2,500,Cash,Pending,4,1000,0
258,Mckenzie Pierce,F,22,Mumbai,Rajasthan,2024-03-07,Headphones,Accessories,0,1499,Card,unknown,0,0,0
259,Chase Hill,M,-5,Ahmedabad,Gujarat,01/12/2023,unknown,Accessories,0,1499,UPI,Delivered,4,0,1
260,Daniel Lynch,Female,49,Bengaluru,Maharashtra,01-17-2023,Monitor,Electronics,2,500,Crypto,unknown,0,1000,0
262,Debra Hudson,Unknown,22,Ahmedabad,Maharashtra,12/01/2024,Keyboard,Accessories,3,599,unknown,Delivered,4,1797,1
263,Robert Austin,F,-5,Delhi,Karnataka,02-20-2024,Tablet,Electronics,2,1499,Card,Delivered,0,2998,1
264,Barry Branch,F,150,Delhi,Maharashtra,2023-09-30,Monitor,Electronics,3,29999,Crypto,Cancelled,0,89997,0
265,Donald Palmer,Female,-5,Jaipur,Maharashtra,22/02/2024,Phone,Electronics,2,1499,Card,Pending,5,2998,0
266,Virginia Morgan,M,30,Bengaluru,Maharashtra,01-25-2024,Printer,Electronics,0,500,unknown,Delivered,3,0,1
267,Eric Lambert,M,150,Mumbai,Maharashtra,2024-02-11,Phone,Electronics,0,500,Cash,Delivered,3,0,1
268,Ricky Sullivan,Unknown,22,Bengaluru,Gujarat,12/05/2024,Headphones,Accessories,2,500,Card,unknown,5,1000,0
269,Jennifer Mitchell,Unknown,150,Bengaluru,Delhi,02-29-2024,Monitor,Electronics,0,500,Cash,Delivered,3,0,1
270,Joanna Alvarado,Male,22,Delhi,unknown,2023-11-17,Headphones,Accessories,0,500,UPI,unknown,4,0,0
271,Stephanie Johnson,Unknown,30,Mumbai,Rajasthan,10/04/2024,Mouse,Accessories,3,29999,UPI,Cancelled,4,89997,0
273,Andre Li,Male,49,Jaipur,Maharashtra,2023-04-26,Headphones,Accessories,1,500,unknown,Pending,8,500,0
274,Edward Skinner,Male,22,Jaipur,Maharashtra,28/04/2023,Printer,Electronics,3,29999,Card,unknown,4,89997,0
275,Jonathan Wilson,Male,150,Bengaluru,Rajasthan,12-13-2023,Mouse,Accessories,0,1499,unknown,Cancelled,4,0,0
276,Kimberly Wallace,M,150,Ahmedabad,Delhi,2024-01-19,Mouse,Accessories,1,599,Card,Delivered,0,599,1
277,Joshua Lopez,M,41,Delhi,Delhi,16/07/2023,Tablet,Electronics,3,599,Card,Cancelled,3,1797,0
278,David Myers,Female,150,Bengaluru,Karnataka,03-24-2024,Monitor,Electronics,2,500,Cash,Delivered,4,1000,1
279,Michael Garcia,Female,-5,unknown,Karnataka,2023-07-17,Phone,Electronics,1,599,Cash,Cancelled,4,599,0
280,Todd Mills,Unknown,150,Delhi,Gujarat,16/03/2024,Printer,Electronics,1,599,Crypto,Delivered,3,599,1
281,Jonathan Smith,Male,-5,Bengaluru,Maharashtra,04-21-2023,Laptop,Electronics,0,500,unknown,unknown,3,0,0
282,Jennifer Wells,Unknown,22,Mumbai,Rajasthan,2023-10-02,Mouse,Accessories,0,1499,Card,Cancelled,8,0,0
283,Brian Reyes,Unknown,-5,Delhi,Rajasthan,21/11/2023,Phone,Electronics,2,599,unknown,Delivered,8,1198,1
284,Daniel Walker,Unknown,30,Jaipur,Rajasthan,11-08-2023,Laptop,Electronics,2,599,Card,unknown,5,1198,0
285,Jennifer Underwood,Female,41,Delhi,Maharashtra,2023-09-22,Monitor,Electronics,1,599,Cash,unknown,3,599,0
286,Kevin Snyder,Unknown,49,Bengaluru,Rajasthan,26/09/2023,Phone,Electronics,0,500,Crypto,Cancelled,3,0,0
287,Susan Weiss,Unknown,30,Mumbai,Rajasthan,03-15-2024,Mouse,unknown,0,599,Card,Delivered,3,0,1
288,Jason Freeman,M,41,Ahmedabad,Delhi,2023-05-06,Laptop,Electronics,2,599,Crypto,unknown,4,1198,0
291,Sandra White,F,41,Bengaluru,Delhi,2023-04-13,Monitor,Electronics,0,29999,Crypto,unknown,4,0,0
292,Ashley Rodriguez,Female,22,Ahmedabad,Rajasthan,06/04/2024,Keyboard,Accessories,2,29999,unknown,Delivered,5,59998,1
293,Michael Johnson,Unknown,22,Delhi,Karnataka,01-24-2024,Printer,Electronics,2,500,unknown,Delivered,4,1000,1
294,Nicholas Dunn,Male,30,Bengaluru,Gujarat,2023-05-24,Phone,Electronics,3,500,unknown,Delivered,0,1500,1
295,Jeremy Gilbert,M,22,Bengaluru,Karnataka,16/09/2023,Mouse,Accessories,1,500,unknown,Pending,4,500,0
296,Kyle Henry,M,41,Mumbai,Gujarat,05-14-2023,unknown,Electronics,3,1499,UPI,Pending,4,4497,0
297,Teresa Morrison,Male,30,Ahmedabad,unknown,2023-02-25,Mouse,Accessories,0,29999,unknown,Delivered,0,0,1
298,Cynthia Brennan,M,41,Ahmedabad,Maharashtra,08/05/2024,Keyboard,Accessories,1,599,Card,Cancelled,0,599,0
299,Kimberly Allen,Female,49,Jaipur,Delhi,04-21-2023,Tablet,Electronics,3,500,Crypto,Delivered,5,1500,1
300,Cynthia Nguyen,Male,-5,Ahmedabad,Karnataka,2024-02-24,Mouse,Accessories,0,1499,UPI,unknown,3,0,0
301,Jose Orr,Male,30,Delhi,Delhi,04/03/2023,Laptop,Electronics,0,29999,unknown,Delivered,0,0,1
302,Luis Mcgrath,Male,22,Delhi,Gujarat,05-13-2023,Phone,Electronics,2,599,Cash,Delivered,3,1198,1
303,Mrs. Morgan Hubbard,F,-5,Ahmedabad,Gujarat,2023-01-26,Mouse,Accessories,1,500,unknown,unknown,4,500,0
304,Julie Weiss DVM,Unknown,41,Ahmedabad,Delhi,20/04/2023,Mouse,Accessories,1,1499,unknown,Cancelled,3,1499,0
305,Christopher English,Male,22,Mumbai,Gujarat,07-30-2023,Headphones,Accessories,2,500,Card,Pending,0,1000,0
307,Clayton Grant,Male,41,Jaipur,Gujarat,13/06/2023,Keyboard,Accessories,0,29999,Crypto,Pending,4,0,0
308,Julie Benson,Unknown,150,Jaipur,Delhi,05-07-2023,Keyboard,Accessories,0,500,Cash,Pending,4,0,0
309,Tanner Baker,Unknown,150,Jaipur,Maharashtra,2023-10-31,Tablet,Electronics,0,1499,Crypto,Pending,8,0,0
310,Natalie Massey,M,22,unknown,Rajasthan,08/06/2023,Mouse,Accessories,1,1499,Crypto,Pending,3,1499,0
311,Michael Carroll,Unknown,150,Delhi,Delhi,09-02-2023,Laptop,Electronics,3,1499,Cash,Delivered,3,4497,1
312,Tommy Hernandez,Male,49,Bengaluru,Maharashtra,2023-10-28,Mouse,Accessories,1,29999,unknown,unknown,0,29999,0
313,Steven Bailey,Unknown,30,Delhi,Gujarat,22/06/2023,Monitor,Electronics,0,29999,Card,Cancelled,4,0,0
314,Sonya Griffin,M,41,Mumbai,Delhi,10-29-2023,Mouse,Accessories,2,599,unknown,unknown,0,1198,0
315,Dana Adams,F,30,Bengaluru,Rajasthan,2023-04-04,Tablet,Electronics,0,1499,Cash,Delivered,4,0,1
316,Claudia Smith,Male,41,Ahmedabad,Rajasthan,13/06/2023,Mouse,Accessories,3,1499,Card,Delivered,5,4497,1
317,Benjamin Griffith,Male,22,Ahmedabad,Gujarat,02-07-2024,Phone,Electronics,0,1499,unknown,unknown,8,0,0
318,James Torres,Male,-5,Bengaluru,Delhi,2023-10-07,Printer,Electronics,2,500,UPI,Delivered,5,1000,1
320,Angela Wheeler,Male,-5,Delhi,Karnataka,06-23-2023,Headphones,Accessories,0,1499,UPI,Delivered,5,0,1
321,Ashley Carson,M,150,Bengaluru,Maharashtra,2024-05-13,Keyboard,Accessories,3,29999,Card,Delivered,3,89997,1
322,Stefanie Bailey,Female,22,Mumbai,Rajasthan,20/10/2023,Headphones,Accessories,0,599,Cash,unknown,4,0,0
324,Joan Burgess,Male,150,Ahmedabad,unknown,2024-04-03,Monitor,Electronics,2,29999,unknown,Cancelled,4,59998,0
325,David Jordan,M,49,Ahmedabad,Maharashtra,23/01/2023,Monitor,Electronics,2,29999,Crypto,Delivered,4,59998,1
326,Vanessa Rodriguez,Male,41,Bengaluru,Gujarat,12-08-2023,Phone,Electronics,0,1499,Crypto,Delivered,8,0,1
327,Joseph Hoffman,F,30,Ahmedabad,Maharashtra,2023-08-03,Headphones,Accessories,1,500,unknown,Delivered,0,500,1
328,William Benjamin,Male,-5,Delhi,Delhi,06/04/2024,Mouse,unknown,2,1499,Card,Delivered,8,2998,1
329,Gina Shah,Female,30,Bengaluru,Maharashtra,12-16-2023,Printer,Electronics,3,599,UPI,unknown,0,1797,0
330,Jimmy Chang,Unknown,150,Ahmedabad,Rajasthan,2023-10-10,Tablet,Electronics,0,500,UPI,unknown,4,0,0
331,Paul Palmer,Male,150,Jaipur,Maharashtra,18/10/2023,Phone,Electronics,0,29999,unknown,Cancelled,8,0,0
332,Stacy Gonzalez,Male,30,Mumbai,Gujarat,09-06-2023,Headphones,Accessories,2,500,UPI,unknown,5,1000,0
333,Rebecca Cervantes,M,41,Mumbai,Rajasthan,2023-05-02,unknown,Electronics,3,29999,Cash,Cancelled,8,89997,0
334,Elizabeth Johnson,Female,30,Mumbai,Gujarat,17/12/2023,Phone,Electronics,3,29999,unknown,unknown,0,89997,0
335,Kristy Brown,M,30,Ahmedabad,Gujarat,02-15-2023,Keyboard,Accessories,0,29999,UPI,Pending,3,0,0
336,Mr. Chad Harrison,Female,150,Bengaluru,Rajasthan,2023-12-30,Printer,Electronics,2,1499,Card,Delivered,4,2998,1
337,Penny Hoffman,Unknown,30,Mumbai,Maharashtra,22/08/2023,Laptop,Electronics,0,500,unknown,Delivered,3,0,1
338,Ruth Harris,F,49,Ahmedabad,Delhi,07-10-2023,Headphones,Accessories,0,29999,Cash,Pending,5,0,0
339,Susan Scott,Unknown,22,Ahmedabad,Rajasthan,2024-03-01,Phone,Electronics,2,1499,Card,Pending,4,2998,0
341,Richard Valencia,Unknown,-5,unknown,Gujarat,11-08-2023,Monitor,Electronics,3,500,Cash,Pending,8,1500,0
342,Amy Gomez,F,22,Jaipur,Karnataka,2023-12-13,Printer,Electronics,3,29999,Cash,Delivered,3,89997,1
343,Monica Sanchez,Unknown,41,Mumbai,Maharashtra,02/02/2023,Tablet,Electronics,3,1499,Card,Pending,3,4497,0
344,Samantha Williams,Female,22,Ahmedabad,Maharashtra,07-26-2023,Tablet,Electronics,3,500,unknown,unknown,3,1500,0
345,Veronica Lopez,Unknown,30,Bengaluru,Gujarat,2023-12-29,Keyboard,Accessories,3,29999,Card,Pending,5,89997,0
346,Stephanie Smith DDS,Unknown,150,Delhi,Maharashtra,30/08/2023,Mouse,Accessories,1,1499,Cash,Pending,5,1499,0
347,Levi Floyd,Unknown,41,Bengaluru,Maharashtra,02-08-2024,Tablet,Electronics,0,599,unknown,Delivered,0,0,1
349,Juan Wright,M,150,Ahmedabad,Delhi,13/04/2023,Tablet,Electronics,3,1499,UPI,unknown,5,4497,0
350,Angela Thomas,Male,22,Ahmedabad,Maharashtra,04-01-2023,Tablet,Electronics,2,1499,Crypto,Pending,8,2998,0
351,Lee Contreras,M,49,Ahmedabad,unknown,2023-03-08,Printer,Electronics,0,500,unknown,Delivered,3,0,1
352,Samantha Roberts,Male,41,Bengaluru,Delhi,13/04/2023,Tablet,Electronics,1,599,unknown,Pending,4,599,0
353,Abigail Steele,Unknown,30,Jaipur,Gujarat,03-25-2024,Tablet,Electronics,0,29999,Card,Delivered,3,0,1
354,James Moore,M,150,Bengaluru,Karnataka,2024-04-30,Monitor,Electronics,3,500,unknown,Pending,5,1500,0
355,Douglas Ross,Female,-5,Jaipur,Delhi,03/07/2023,Keyboard,Accessories,2,1499,Card,Delivered,0,2998,1
356,Craig Burton,Unknown,22,Ahmedabad,Maharashtra,03-28-2023,Phone,Electronics,0,599,Crypto,Delivered,3,0,1
358,Taylor Stevens,Male,41,Ahmedabad,Rajasthan,20/03/2023,Keyboard,Accessories,0,29999,Crypto,Pending,8,0,0
359,Wendy Johnson,Unknown,22,Jaipur,Gujarat,09-19-2023,Phone,Electronics,2,1499,Cash,Pending,5,2998,0
360,Sarah Mullins,Female,22,Bengaluru,Gujarat,2023-07-29,Monitor,Electronics,2,500,Cash,Pending,3,1000,0
361,Sara Wilson,Male,150,Ahmedabad,Delhi,10/12/2023,Phone,Electronics,1,599,unknown,Delivered,3,599,1
362,Joshua Jones,M,41,Mumbai,Gujarat,11-26-2023,Keyboard,Accessories,1,599,Card,Delivered,5,599,1
363,Alexandria Costa,M,22,Jaipur,Rajasthan,2024-02-15,Tablet,Electronics,1,1499,unknown,Pending,5,1499,0
364,Beth Sanders,F,49,Mumbai,Rajasthan,02/04/2024,Headphones,Accessories,3,29999,Card,Delivered,8,89997,1
365,Andrew Hodge,Unknown,-5,Ahmedabad,Gujarat,05-07-2024,Headphones,Accessories,2,599,Card,Delivered,4,1198,1
366,Zachary Adkins,F,-5,Delhi,Karnataka,2023-08-02,Headphones,Accessories,0,29999,Crypto,Delivered,4,0,1
367,Joseph Rodriguez,Male,-5,Ahmedabad,Rajasthan,16/04/2024,Headphones,Accessories,1,29999,unknown,Cancelled,3,29999,0
368,Deanna Park,Unknown,150,Bengaluru,Karnataka,03-20-2024,Keyboard,Accessories,1,500,unknown,Pending,8,500,0
369,Carrie Martinez MD,Female,150,Bengaluru,Rajasthan,2023-12-06,Printer,unknown,1,1499,Crypto,unknown,8,1499,0
370,Ashley Fowler,Unknown,30,Mumbai,Maharashtra,08/02/2023,unknown,Accessories,1,1499,Crypto,unknown,8,1499,0
371,Dr. Jessica Huang,M,150,Ahmedabad,Rajasthan,02-10-2023,Headphones,Accessories,0,500,Cash,Delivered,8,0,1
372,Mr. Jeremy Williams PhD,Male,-5,unknown,Gujarat,2023-12-01,Laptop,Electronics,1,599,UPI,Cancelled,0,599,0
373,Marvin Pope,Unknown,41,Jaipur,Delhi,16/04/2023,Headphones,Accessories,0,29999,Crypto,unknown,5,0,0
375,Elijah Rodriguez,M,30,Ahmedabad,Rajasthan,2024-04-04,Mouse,Accessories,3,1499,Card,Delivered,8,4497,1
376,Jennifer Garcia,Unknown,22,Ahmedabad,Rajasthan,23/08/2023,Keyboard,Accessories,0,599,unknown,unknown,0,0,0
378,Heather Banks,Female,22,Ahmedabad,unknown,2023-12-21,Mouse,Accessories,0,29999,Crypto,unknown,8,0,0
379,Wendy Harris,Unknown,-5,Mumbai,Maharashtra,13/04/2024,Keyboard,Accessories,0,1499,Card,unknown,0,0,0
380,Mr. Allen Wright,F,41,Bengaluru,Delhi,03-29-2024,Monitor,Electronics,2,1499,Crypto,Cancelled,3,2998,0
381,Timothy Hill,Female,150,Bengaluru,Maharashtra,2023-06-26,Mouse,Accessories,1,29999,Crypto,unknown,0,29999,0
382,Lacey Wright,F,41,Ahmedabad,Rajasthan,27/04/2024,Printer,Electronics,0,599,UPI,unknown,4,0,0
383,Nicholas Herrera,Female,41,Delhi,Maharashtra,12-10-2023,Laptop,Electronics,3,1499,UPI,Cancelled,4,4497,0
384,Kelly Cummings,M,22,Bengaluru,Karnataka,2023-01-17,Tablet,Electronics,2,500,Card,Cancelled,3,1000,0
385,Mark Lane,Unknown,150,Jaipur,Rajasthan,18/07/2023,Printer,Electronics,3,1499,Crypto,unknown,4,4497,0
386,Beth Brown,F,150,Bengaluru,Delhi,12-27-2023,Tablet,Electronics,2,29999,unknown,Pending,3,59998,0
387,Brianna Parks,F,22,Ahmedabad,Rajasthan,2024-05-07,Mouse,Accessories,0,29999,Crypto,Cancelled,4,0,0
388,Ann Crawford,Male,41,Ahmedabad,Delhi,27/10/2023,Monitor,Electronics,1,1499,Cash,Delivered,0,1499,1
389,Shirley Sparks,F,150,Mumbai,Rajasthan,06-04-2023,Headphones,Accessories,3,1499,Card,Delivered,0,4497,1
390,Julian Peterson,Male,49,Mumbai,Delhi,2023-08-01,Printer,Electronics,2,29999,Cash,Cancelled,5,59998,0
392,Megan Reynolds,M,22,Ahmedabad,Maharashtra,03-29-2024,Tablet,Electronics,0,29999,UPI,Cancelled,0,0,0
393,Allison Avila,Male,41,Delhi,Maharashtra,2023-08-17,Headphones,Accessories,0,599,UPI,Pending,0,0,0
394,Philip Sampson,Female,30,Ahmedabad,Rajasthan,04/01/2023,Phone,Electronics,2,500,unknown,Delivered,4,1000,1
395,Cody Charles,Male,22,Jaipur,Rajasthan,08-24-2023,Tablet,Electronics,2,29999,Crypto,Delivered,0,59998,1
396,Erika Carroll,M,-5,Ahmedabad,Gujarat,2024-04-11,Monitor,Electronics,0,29999,UPI,unknown,3,0,0
397,Anthony Schmidt,F,22,Jaipur,Maharashtra,04/01/2023,Phone,Electronics,0,599,Cash,Cancelled,0,0,0
398,Crystal Diaz,M,-5,Jaipur,Gujarat,05-25-2023,Headphones,Accessories,2,1499,Card,unknown,0,2998,0
399,Kara Riggs,Unknown,41,Jaipur,Karnataka,2024-05-06,Mouse,Accessories,0,1499,UPI,Delivered,3,0,1
400,Mary Spencer,F,150,Jaipur,Maharashtra,21/10/2023,Printer,Electronics,2,29999,Card,unknown,0,59998,0
401,Sean Simon,Female,150,Mumbai,Delhi,03-24-2023,Mouse,Accessories,1,1499,unknown,Delivered,0,1499,1
402,Ethan Romero,Unknown,22,Mumbai,Rajasthan,2023-11-27,Phone,Electronics,2,500,Cash,Cancelled,4,1000,0
403,Jesus Jackson,Male,49,unknown,Maharashtra,02/12/2023,Keyboard,Accessories,0,599,Card,Cancelled,8,0,0
404,Eric Oneill,F,30,Bengaluru,Karnataka,06-18-2023,Monitor,Electronics,3,29999,unknown,Pending,3,89997,0
405,Melissa Lopez,M,41,Mumbai,unknown,2023-05-07,Keyboard,Accessories,2,29999,unknown,unknown,8,59998,0
407,Victoria Williams,Male,22,Bengaluru,Rajasthan,05-15-2023,unknown,Electronics,0,500,Crypto,Pending,3,0,0
409,Jennifer Spencer,Unknown,150,Jaipur,Delhi,16/02/2023,Printer,Electronics,0,1499,Crypto,Pending,8,0,0
410,Michelle Olson DDS,M,41,Jaipur,Delhi,04-02-2023,Mouse,unknown,0,1499,UPI,Cancelled,5,0,0
411,Christine Smith,F,41,Ahmedabad,Gujarat,2023-01-22,Keyboard,Accessories,0,599,UPI,Cancelled,3,0,0
412,Tammy Cantrell,Unknown,150,Bengaluru,Karnataka,10/05/2024,Monitor,Electronics,2,500,unknown,unknown,5,1000,0
413,William Garcia,F,41,Ahmedabad,Delhi,12-01-2023,Phone,Electronics,0,500,Cash,Cancelled,8,0,0
414,John Bryant,F,30,Ahmedabad,Delhi,2024-03-30,Laptop,Electronics,2,599,Crypto,Cancelled,4,1198,0
415,Colin Mathews,Unknown,150,Jaipur,Delhi,06/04/2023,Mouse,Accessories,0,29999,unknown,Delivered,8,0,1
416,Dr. Edwin Wyatt,Female,49,Bengaluru,Delhi,09-03-2023,Headphones,Accessories,0,599,Card,Delivered,4,0,1
417,Larry Long,Female,150,Jaipur,Karnataka,2023-10-31,Mouse,Accessories,2,599,Card,Cancelled,4,1198,0
418,Benjamin Lee,F,150,Jaipur,Maharashtra,05/05/2024,Printer,Electronics,1,1499,unknown,unknown,3,1499,0
419,April Crane,M,150,Delhi,Karnataka,03-29-2023,Keyboard,Accessories,2,29999,Card,Cancelled,8,59998,0
420,Heather Rhodes,Female,-5,Ahmedabad,Delhi,2023-10-30,Phone,Electronics,1,599,Card,unknown,4,599,0
421,Ryan Henderson,M,150,Bengaluru,Rajasthan,19/02/2023,Mouse,Accessories,0,599,UPI,unknown,4,0,0
422,Robert Hernandez,M,150,Ahmedabad,Maharashtra,10-04-2023,Laptop,Electronics,1,500,Card,unknown,8,500,0
423,Anthony Bass,M,30,Mumbai,Gujarat,2023-10-29,Phone,Electronics,2,599,Cash,unknown,5,1198,0
424,Charles Gallegos,F,150,Jaipur,Karnataka,03/01/2023,Laptop,Electronics,1,500,unknown,Pending,5,500,0
426,John Copeland,Female,-5,Bengaluru,Karnataka,2023-12-15,Printer,Electronics,0,1499,Cash,unknown,5,0,0
427,Jennifer Phillips,M,30,Jaipur,Delhi,23/10/2023,Tablet,Electronics,0,1499,UPI,Pending,0,0,0
428,Steven Davis,F,150,Jaipur,Delhi,02-07-2024,Tablet,Electronics,0,599,UPI,Pending,8,0,0
429,Ryan Peterson,Male,49,Mumbai,Delhi,2023-08-11,Phone,Electronics,3,599,Crypto,Delivered,8,1797,1
430,Luke Webster,F,22,Delhi,Gujarat,11/11/2023,Monitor,Electronics,0,599,Card,Cancelled,4,0,0
431,Paul Sullivan,F,30,Jaipur,Maharashtra,02-06-2024,Keyboard,Accessories,2,599,Card,Delivered,5,1198,1
432,Glenn Walls,M,150,Delhi,unknown,2023-06-30,Printer,Electronics,0,599,unknown,Delivered,3,0,1
433,Patricia Holmes,Unknown,41,Delhi,Karnataka,26/05/2023,Tablet,Electronics,2,500,unknown,Delivered,5,1000,1
434,Lauren Kent,F,22,unknown,Karnataka,07-28-2023,Phone,Electronics,3,29999,UPI,Cancelled,0,89997,0
436,Timothy Wright,Unknown,22,Ahmedabad,Delhi,04/09/2023,Phone,Electronics,2,29999,unknown,Cancelled,0,59998,0
437,Miss Patricia Martin DVM,Female,41,Jaipur,Gujarat,01-05-2023,Monitor,Electronics,3,599,Crypto,Pending,3,1797,0
438,Brandon Salas,Female,150,Mumbai,Delhi,2023-06-10,Tablet,Electronics,2,500,unknown,Pending,4,1000,0
439,Robert Pena,Female,30,Delhi,Delhi,04/05/2023,Monitor,Electronics,0,29999,Card,Delivered,3,0,1
440,Nicole Lewis,F,22,Bengaluru,Rajasthan,12-13-2023,Headphones,Accessories,0,29999,Crypto,Cancelled,8,0,0
441,Destiny Patton,M,30,Bengaluru,Maharashtra,2024-03-20,Monitor,Electronics,0,1499,Crypto,Pending,3,0,0
443,Jennifer Kelley,Unknown,22,Jaipur,Delhi,12-24-2023,Headphones,Accessories,0,599,Cash,Cancelled,0,0,0
444,Kenneth Good,Female,41,Ahmedabad,Karnataka,2023-04-06,unknown,Electronics,3,29999,Card,unknown,8,89997,0
445,Joshua Flowers,Unknown,-5,Mumbai,Gujarat,03/08/2023,Tablet,Electronics,2,1499,Crypto,Pending,3,2998,0
446,Claire Farrell,F,-5,Ahmedabad,Delhi,05-19-2023,Keyboard,Accessories,2,1499,unknown,Delivered,4,2998,1
447,Dean Parker,F,150,Mumbai,Gujarat,2023-09-13,Mouse,Accessories,3,29999,Crypto,Delivered,8,89997,1
448,Amanda Grimes,Male,30,Mumbai,Gujarat,20/12/2023,Mouse,Accessories,1,500,unknown,Cancelled,5,500,0
449,Edward Franklin,Unknown,22,Ahmedabad,Rajasthan,07-04-2023,Monitor,Electronics,3,1499,Crypto,Pending,5,4497,0
450,Tammy Smith,M,22,Ahmedabad,Karnataka,2023-06-16,Headphones,Accessories,3,500,unknown,Pending,4,1500,0
451,Brittany Barton,M,150,Bengaluru,Gujarat,18/02/2024,Tablet,unknown,1,599,Card,Cancelled,4,599,0
452,Katherine Barnes,Unknown,150,Ahmedabad,Maharashtra,06-12-2023,Monitor,Electronics,0,29999,unknown,unknown,8,0,0
453,Jason Roberts,Female,30,Mumbai,Rajasthan,2023-04-05,Laptop,Electronics,2,1499,unknown,Delivered,3,2998,1
454,Justin Decker,F,22,Jaipur,Gujarat,24/04/2024,Headphones,Accessories,0,599,UPI,Cancelled,0,0,0
455,Sarah Moore DVM,Unknown,49,Delhi,Delhi,02-13-2023,Printer,Electronics,3,500,unknown,Pending,4,1500,0
456,Jack Brown,Male,22,Mumbai,Maharashtra,2024-03-05,Mouse,Accessories,0,500,Crypto,Cancelled,3,0,0
457,Alexander Roman,F,30,Bengaluru,Karnataka,16/08/2023,Mouse,Accessories,0,500,Crypto,Cancelled,5,0,0
458,Sherri Foster,Male,-5,Mumbai,Maharashtra,10-04-2023,Keyboard,Accessories,0,29999,Card,Cancelled,3,0,0
460,Jennifer Houston,Unknown,150,Delhi,Rajasthan,05/01/2023,Printer,Electronics,0,29999,Card,unknown,0,0,0
461,Joseph Baker,Female,-5,Ahmedabad,Delhi,07-22-2023,Keyboard,Accessories,3,599,unknown,Pending,0,1797,0
462,Timothy Quinn,Unknown,150,Mumbai,Gujarat,2024-02-18,Monitor,Electronics,2,599,Card,Pending,5,1198,0
463,Brandon Monroe,F,-5,Mumbai,Karnataka,23/11/2023,Headphones,Accessories,0,1499,Cash,Delivered,4,0,1
465,Christine Cook,M,30,unknown,Maharashtra,2023-03-19,Laptop,Electronics,0,29999,unknown,Cancelled,8,0,0
466,Jennifer Moran,Unknown,22,Delhi,Rajasthan,10/02/2024,Laptop,Electronics,3,500,UPI,unknown,4,1500,0
467,Erik Nixon,M,22,Jaipur,Delhi,04-03-2024,Monitor,Electronics,0,500,Card,Delivered,4,0,1
468,Sarah Lopez,F,49,Delhi,Gujarat,2024-01-12,Phone,Electronics,0,29999,Cash,Pending,3,0,0
469,Alexander Lewis,Unknown,-5,Mumbai,Delhi,24/04/2024,Phone,Electronics,3,599,unknown,Pending,3,1797,0
470,Chloe Morales,Unknown,22,Delhi,Maharashtra,11-21-2023,Printer,Electronics,0,599,unknown,Pending,3,0,0
471,Sarah Griffin,F,30,Mumbai,Rajasthan,2023-10-25,Headphones,Accessories,2,1499,unknown,Delivered,0,2998,1
472,Jasmine Burns,Male,41,Delhi,Karnataka,21/04/2024,Laptop,Electronics,1,1499,unknown,Pending,5,1499,0
473,Brandy Huffman,M,30,Jaipur,Gujarat,02-08-2024,Tablet,Electronics,3,1499,Cash,Delivered,8,4497,1
474,Joseph Cowan,F,-5,Delhi,Karnataka,2023-08-13,Monitor,Electronics,2,29999,Cash,unknown,5,59998,0
475,Sabrina Stewart,Male,150,Delhi,Gujarat,13/04/2024,Mouse,Accessories,3,29999,Crypto,Cancelled,3,89997,0
477,Jack Bradley,F,30,Bengaluru,Maharashtra,2023-04-08,Headphones,Accessories,3,500,unknown,Cancelled,3,1500,0
478,Edwin Moore,Male,30,Delhi,Rajasthan,25/09/2023,Phone,Electronics,2,599,unknown,Pending,3,1198,0
479,Eileen Gardner,M,150,Bengaluru,Karnataka,10-20-2023,Printer,Electronics,3,599,Cash,Pending,0,1797,0
480,Amanda Murray,Female,-5,Jaipur,Gujarat,2023-02-06,Laptop,Electronics,1,29999,Crypto,unknown,5,29999,0
481,Aaron Mayer,F,49,Jaipur,Rajasthan,30/01/2023,unknown,Electronics,3,599,Card,Delivered,3,1797,1
482,James Williams,Female,30,Bengaluru,Delhi,04-29-2023,Printer,Electronics,0,1499,Crypto,unknown,3,0,0
483,Stephanie Thompson,M,-5,Jaipur,Delhi,2023-10-23,Tablet,Electronics,2,500,Crypto,Cancelled,4,1000,0
484,Jonathan Sanchez,Unknown,41,Bengaluru,Maharashtra,04/11/2023,Headphones,Accessories,3,500,unknown,unknown,5,1500,0
485,Albert Myers,M,150,Mumbai,Maharashtra,05-04-2023,Keyboard,Accessories,0,500,unknown,Delivered,3,0,1
486,Aimee Brown,F,30,Mumbai,unknown,2023-11-02,Laptop,Electronics,1,29999,Card,Pending,5,29999,0
487,Ashley Garrison,F,150,Bengaluru,Karnataka,31/01/2024,Monitor,Electronics,0,1499,UPI,Delivered,8,0,1
488,Kristopher English,Unknown,41,Bengaluru,Delhi,03-21-2023,Mouse,Accessories,2,29999,Cash,Delivered,0,59998,1
489,James Smith,Male,41,Ahmedabad,Delhi,2023-10-19,Keyboard,Accessories,0,599,Crypto,Cancelled,3,0,0
490,Katherine Santana,Male,22,Mumbai,Maharashtra,18/02/2024,Printer,Electronics,0,500,UPI,Pending,0,0,0
491,Tyler Dunlap,Male,41,Bengaluru,Rajasthan,11-21-2023,Printer,Electronics,3,1499,Cash,Pending,4,4497,0
492,Daniel Johnson,M,150,Bengaluru,Karnataka,2023-12-11,Printer,unknown,1,1499,unknown,Cancelled,8,1499,0
494,Shannon Cummings,Female,49,Ahmedabad,Karnataka,08-11-2023,Mouse,Accessories,2,500,unknown,Pending,3,1000,0
495,Alexander Stephenson,Female,22,Mumbai,Gujarat,2023-11-12,Keyboard,Accessories,3,599,UPI,unknown,8,1797,0
496,Jason Boyd,Unknown,41,unknown,Karnataka,28/06/2023,Keyboard,Accessories,1,29999,Card,Cancelled,0,29999,0
497,Deborah Jackson,M,22,Delhi,Delhi,11-16-2023,Mouse,Accessories,3,1499,unknown,Delivered,3,4497,1
498,Nicholas Sosa,F,30,Mumbai,Rajasthan,2023-01-28,Keyboard,Accessories,3,599,Cash,unknown,8,1797,0
499,Brianna Lewis,F,30,Delhi,Karnataka,19/06/2023,Keyboard,Accessories,0,29999,Crypto,unknown,0,0,0
500,Ryan Alexander,M,150,Bengaluru,Rajasthan,03-14-2023,Laptop,Electronics,3,1499,UPI,Cancelled,4,4497,0
501,Brian Smith,Male,-5,Jaipur,Rajasthan,2023-11-13,Monitor,Electronics,0,29999,unknown,Cancelled,3,0,0
502,Nancy Matthews,Female,-5,Bengaluru,Rajasthan,30/05/2023,Printer,Electronics,3,500,Crypto,Delivered,4,1500,1
503,Cynthia Norman,F,22,Jaipur,Delhi,09-14-2023,Headphones,Accessories,0,29999,Cash,unknown,8,0,0
504,Jonathan Smith,Unknown,41,Mumbai,Maharashtra,2023-03-22,Laptop,Electronics,2,29999,UPI,Cancelled,8,59998,0
505,Amanda Douglas,Female,30,Mumbai,Gujarat,28/04/2024,Monitor,Electronics,2,599,unknown,unknown,0,1198,0
506,William Young,M,30,Bengaluru,Delhi,11-10-2023,Keyboard,Accessories,0,29999,Crypto,Cancelled,8,0,0
507,Ariana Brown,Female,49,Bengaluru,Karnataka,2023-03-09,Keyboard,Accessories,2,1499,Cash,Pending,8,2998,0
508,Susan Turner,Unknown,22,Bengaluru,Karnataka,02/12/2023,Mouse,Accessories,1,1499,Cash,Pending,3,1499,0
509,Deborah Maynard,M,41,Ahmedabad,Maharashtra,03-26-2024,Printer,Electronics,2,1499,UPI,Pending,4,2998,0
511,Sarah Collins,Female,150,Bengaluru,Gujarat,19/12/2023,Headphones,Accessories,3,1499,unknown,unknown,8,4497,0
512,Mrs. Jennifer Gutierrez,Female,22,Ahmedabad,Rajasthan,03-25-2023,Keyboard,Accessories,3,500,Card,Pending,4,1500,0
513,Jamie Garcia,F,-5,Mumbai,unknown,2023-04-01,Headphones,Accessories,0,1499,unknown,unknown,3,0,0
514,Mary Gutierrez,Unknown,-5,Bengaluru,Karnataka,08/11/2023,Printer,Electronics,0,599,Crypto,Delivered,8,0,1
515,Jacob Beltran,Female,150,Bengaluru,Gujarat,02-28-2024,Laptop,Electronics,1,500,Crypto,Delivered,4,500,1
516,Penny Crawford,Unknown,41,Ahmedabad,Delhi,2023-08-14,Printer,Electronics,0,29999,Crypto,Delivered,0,0,1
517,Luis Sanchez,Male,150,Jaipur,Delhi,26/08/2023,Headphones,Accessories,0,1499,unknown,unknown,5,0,0
518,George Thomas,M,150,Delhi,Gujarat,01-13-2023,unknown,Accessories,1,29999,Cash,Pending,3,29999,0
519,Katelyn Smith,Unknown,22,Bengaluru,Gujarat,2023-02-28,Headphones,Accessories,0,1499,unknown,unknown,3,0,0
520,Debra Vazquez,F,49,Delhi,Delhi,12/04/2024,Tablet,Electronics,2,1499,unknown,Delivered,8,2998,1
521,Brenda Gomez,Unknown,30,Jaipur,Delhi,06-08-2023,Headphones,Accessories,2,599,Crypto,Cancelled,3,1198,0
523,Maria Miller,F,150,Jaipur,Delhi,15/08/2023,Phone,Electronics,0,29999,Crypto,Pending,3,0,0
524,Kyle Fox,Unknown,22,Delhi,Rajasthan,03-17-2023,Laptop,Electronics,0,29999,Cash,Delivered,3,0,1
525,Ashley Yoder,Female,41,Bengaluru,Karnataka,2023-08-02,Mouse,Accessories,0,1499,unknown,Cancelled,3,0,0
526,Brenda Murphy,Unknown,41,Ahmedabad,Rajasthan,29/01/2024,Monitor,Electronics,0,599,Cash,unknown,4,0,0
528,Jessica Carney,M,150,Mumbai,Gujarat,2023-02-25,Phone,Electronics,0,29999,Cash,Cancelled,4,0,0
529,Adam Ortiz,F,-5,Ahmedabad,Delhi,16/10/2023,Headphones,Accessories,0,1499,unknown,Cancelled,4,0,0
530,Dorothy Jackson,M,22,Delhi,Karnataka,03-02-2023,Laptop,Electronics,0,500,UPI,Cancelled,5,0,0
531,Sarah Fuller,Male,30,Mumbai,Maharashtra,2024-02-17,Keyboard,Accessories,1,29999,Cash,Cancelled,3,29999,0
532,Rachel Wang,Unknown,-5,Bengaluru,Karnataka,18/12/2023,Tablet,Electronics,1,1499,Card,Cancelled,3,1499,0
533,Melissa Allen DDS,M,49,Jaipur,Delhi,04-17-2024,Headphones,unknown,0,1499,unknown,unknown,0,0,0
534,Jennifer Young,Male,150,Mumbai,Karnataka,2023-08-25,Printer,Electronics,3,599,Card,Cancelled,5,1797,0
535,Kelly Walker,Unknown,22,Mumbai,Gujarat,11/05/2024,Mouse,Accessories,0,1499,Crypto,unknown,4,0,0
536,Brandon Barnes,Unknown,22,Mumbai,Gujarat,03-01-2023,Monitor,Electronics,1,500,Card,Cancelled,8,500,0
537,Dorothy Henry,Female,22,Mumbai,Rajasthan,2023-04-21,Monitor,Electronics,2,599,unknown,Delivered,8,1198,1
538,Joanna Sharp,Unknown,-5,Bengaluru,Maharashtra,20/03/2023,Keyboard,Accessories,3,1499,UPI,Pending,4,4497,0
539,David Murphy,M,150,Jaipur,Rajasthan,01-19-2023,Headphones,Accessories,3,599,unknown,Delivered,5,1797,1
540,Charles Mora,Male,150,Mumbai,unknown,2024-03-31,Laptop,Electronics,1,29999,unknown,Pending,5,29999,0
541,Sean Lynch,Unknown,150,Mumbai,Gujarat,09/04/2023,Monitor,Electronics,1,29999,Card,Pending,5,29999,0
542,Tiffany Brown,Female,150,Mumbai,Karnataka,01-08-2023,Phone,Electronics,3,29999,Card,Cancelled,0,89997,0
543,Thomas White,Unknown,150,Mumbai,Karnataka,2023-03-29,Phone,Electronics,0,599,Card,Delivered,8,0,1
545,Mr. Darren Miller,Female,150,Jaipur,Gujarat,06-09-2023,Tablet,Electronics,0,1499,UPI,unknown,3,0,0
546,Jordan Carrillo,M,49,Delhi,Delhi,2023-06-08,Headphones,Accessories,2,29999,Cash,unknown,4,59998,0
547,Megan Dunn,Unknown,-5,Ahmedabad,Rajasthan,14/04/2024,Tablet,Electronics,1,500,UPI,Cancelled,8,500,0
548,Laura Scott,Unknown,41,Bengaluru,Karnataka,03-09-2024,Mouse,Accessories,2,599,unknown,Delivered,5,1198,1
549,Dawn Wright,Unknown,150,Ahmedabad,Gujarat,2023-11-29,Phone,Electronics,0,500,Card,Pending,0,0,0
550,Jeremy Fuentes,M,22,Mumbai,Delhi,13/05/2024,Headphones,Accessories,0,500,unknown,Cancelled,0,0,0
552,Joseph Ortiz,M,22,Bengaluru,Rajasthan,2023-04-01,Monitor,Electronics,0,500,Cash,unknown,3,0,0
553,Anthony Rice,F,22,Delhi,Delhi,22/04/2023,Mouse,Accessories,0,29999,unknown,unknown,4,0,0
554,Elizabeth Garcia,Unknown,150,Mumbai,Gujarat,12-15-2023,Tablet,Electronics,3,599,Crypto,Delivered,0,1797,1
555,Brian Lindsey,Unknown,22,Mumbai,Karnataka,2023-07-26,unknown,Accessories,1,599,unknown,Cancelled,3,599,0
556,Beverly Robbins,Female,-5,Bengaluru,Gujarat,19/03/2024,Laptop,Electronics,3,500,unknown,unknown,8,1500,0
557,Michael Rodriguez,M,30,Delhi,Karnataka,04-19-2023,Mouse,Accessories,0,29999,unknown,Pending,5,0,0
558,Jeffrey Brown,Male,22,unknown,Rajasthan,2023-03-06,Mouse,Accessories,2,500,unknown,unknown,4,1000,0
559,Gerald Smith,M,49,Bengaluru,Gujarat,12/03/2023,Printer,Electronics,0,1499,unknown,unknown,0,0,0
560,Jamie Mckay,Female,30,Ahmedabad,Karnataka,07-16-2023,Tablet,Electronics,1,500,unknown,Pending,0,500,0
562,William Frank,M,150,Jaipur,Karnataka,09/01/2024,Monitor,Electronics,0,599,Card,unknown,3,0,0
563,Joseph Jensen,F,22,Mumbai,Karnataka,11-21-2023,Monitor,Electronics,1,500,unknown,unknown,0,500,0
564,Donald Roy,Unknown,41,Mumbai,Delhi,2023-06-19,Printer,Electronics,1,29999,unknown,Cancelled,3,29999,0
565,Brittany Garcia,F,22,Mumbai,Karnataka,31/08/2023,Mouse,Accessories,1,29999,unknown,Delivered,4,29999,1
566,Caitlin Kirk,Unknown,30,Bengaluru,Maharashtra,02-09-2023,Monitor,Electronics,3,29999,UPI,Delivered,0,89997,1
567,Douglas Gomez,M,41,Delhi,unknown,2024-04-10,Mouse,Accessories,3,1499,unknown,Pending,0,4497,0
568,Denise Jones,Female,150,Delhi,Gujarat,25/06/2023,Phone,Electronics,0,500,Card,unknown,4,0,0
569,Eugene Johnson,Male,41,Jaipur,Rajasthan,10-23-2023,Tablet,Electronics,2,500,unknown,unknown,5,1000,0
570,Dawn Vargas,M,-5,Ahmedabad,Maharashtra,2024-01-18,Keyboard,Accessories,2,500,UPI,Cancelled,3,1000,0
571,Marisa Trevino,F,22,Jaipur,Karnataka,15/07/2023,Tablet,Electronics,3,500,Crypto,Cancelled,5,1500,0
572,Michael White,Unknown,49,Bengaluru,Gujarat,05-17-2023,Phone,Electronics,0,1499,unknown,Pending,0,0,0
573,Brian Savage,Unknown,150,Jaipur,Rajasthan,2023-12-13,Mouse,Accessories,1,599,unknown,Delivered,0,599,1
574,Cody Harris,Unknown,30,Mumbai,Maharashtra,17/12/2023,Headphones,unknown,2,599,UPI,Delivered,3,1198,1
575,James Ramirez,F,22,Jaipur,Rajasthan,12-03-2023,Keyboard,Accessories,0,1499,unknown,Pending,3,0,0
576,Kevin Martinez MD,Unknown,-5,Jaipur,Gujarat,2023-04-05,Monitor,Electronics,3,500,unknown,Cancelled,5,1500,0
577,Felicia Thomas,Unknown,22,Ahmedabad,Gujarat,04/02/2024,Phone,Electronics,3,599,Cash,Cancelled,4,1797,0
579,Nathaniel Hart,M,41,Jaipur,Rajasthan,2023-11-26,Phone,Electronics,1,599,Crypto,Cancelled,8,599,0
581,George Morgan,M,-5,Ahmedabad,Rajasthan,01-02-2023,Headphones,Accessories,0,1499,UPI,unknown,8,0,0
582,Franklin Carroll,Unknown,41,Ahmedabad,Rajasthan,2023-10-18,Tablet,Electronics,1,29999,Crypto,Cancelled,3,29999,0
583,Michelle Williams,Female,30,Bengaluru,Rajasthan,25/01/2024,Monitor,Electronics,0,1499,Cash,unknown,3,0,0
584,Melissa Chang,M,22,Ahmedabad,Delhi,12-19-2023,Tablet,Electronics,2,599,Card,Delivered,0,1198,1
585,Michael Santana,Male,49,Bengaluru,Maharashtra,2023-09-08,Printer,Electronics,0,500,UPI,Delivered,5,0,1
586,Troy Weber,M,22,Delhi,Karnataka,22/06/2023,Laptop,Electronics,0,1499,unknown,Pending,3,0,0
587,John Jones,M,22,Ahmedabad,Karnataka,01-12-2024,Mouse,Accessories,1,1499,unknown,Pending,3,1499,0
588,Christopher Williams,Unknown,22,Ahmedabad,Karnataka,2023-11-20,Laptop,Electronics,2,599,UPI,Delivered,8,1198,1
589,Curtis Reese,Male,30,unknown,Gujarat,14/02/2024,Keyboard,Accessories,3,500,Cash,Delivered,3,1500,1
590,Alexander Harris,Unknown,30,Jaipur,Karnataka,10-22-2023,Mouse,Accessories,2,29999,UPI,Delivered,5,59998,1
591,Christine Malone,Female,41,Bengaluru,Delhi,2024-01-23,Printer,Electronics,0,1499,Crypto,Delivered,4,0,1
592,David Taylor,Female,22,Ahmedabad,Rajasthan,10/02/2024,unknown,Electronics,1,599,Card,Delivered,0,599,1
593,Sabrina Jones,Female,30,Delhi,Maharashtra,08-02-2023,Headphones,Accessories,0,500,unknown,Pending,4,0,0
594,Christine Garcia,F,30,Ahmedabad,unknown,2023-12-21,Laptop,Electronics,0,599,unknown,Cancelled,5,0,0
596,Mr. Michael Olson,Unknown,22,Delhi,Rajasthan,12-04-2023,Keyboard,Accessories,2,500,unknown,Pending,4,1000,0
597,Jessica Sellers,Male,41,Mumbai,Delhi,2024-04-17,Laptop,Electronics,0,29999,Cash,unknown,3,0,0
598,Nicole Mccoy,F,49,Delhi,Delhi,15/01/2024,Laptop,Electronics,1,500,Crypto,Delivered,3,500,1
599,Amber Mclean,F,150,Mumbai,Gujarat,01-05-2024,Headphones,Accessories,2,29999,Card,Delivered,5,59998,1
600,Amanda Bradley,M,30,Ahmedabad,Delhi,2023-02-20,Keyboard,Accessories,1,500,Crypto,unknown,3,500,0
601,Jonathan Horton,F,-5,Delhi,Gujarat,16/03/2023,Keyboard,Accessories,3,1499,unknown,Pending,5,4497,0
602,Jennifer Black,Female,22,Bengaluru,Rajasthan,04-14-2023,Tablet,Electronics,3,1499,UPI,unknown,8,4497,0
603,Brandon Edwards,Female,41,Bengaluru,Delhi,2023-03-29,Tablet,Electronics,0,1499,Crypto,Pending,3,0,0
604,Michael Wilkins,Female,150,Ahmedabad,Gujarat,14/03/2024,Headphones,Accessories,3,599,unknown,unknown,4,1797,0
605,Shawn Henderson,F,30,Bengaluru,Delhi,06-17-2023,Printer,Electronics,0,599,unknown,Delivered,3,0,1
606,Jonathan Robertson Jr.,M,150,Ahmedabad,Gujarat,2024-01-11,Laptop,Electronics,1,500,unknown,Pending,3,500,0
607,Michael Guzman,M,30,Delhi,Maharashtra,21/01/2024,Laptop,Electronics,3,1499,unknown,Delivered,3,4497,1
608,Stacey Logan,Female,-5,Bengaluru,Karnataka,12-09-2023,Monitor,Electronics,1,500,unknown,Pending,3,500,0
610,Mark Martin MD,F,150,Bengaluru,Delhi,21/01/2024,Monitor,Electronics,1,29999,unknown,Delivered,0,29999,1
611,Michael Benson,Male,49,Ahmedabad,Maharashtra,07-06-2023,Laptop,Electronics,0,599,Cash,Cancelled,4,0,0
613,Stephen Bates,Unknown,41,Mumbai,Karnataka,18/04/2023,Keyboard,Accessories,0,29999,UPI,Delivered,5,0,1
614,Gregory Burch,F,150,Jaipur,Gujarat,08-20-2023,Headphones,Accessories,0,29999,unknown,Cancelled,3,0,0
615,Logan Caldwell,Male,22,Ahmedabad,Delhi,2024-04-01,Headphones,unknown,3,599,UPI,Pending,5,1797,0
616,Misty Jordan,M,30,Delhi,Karnataka,23/12/2023,Mouse,Accessories,1,29999,unknown,Pending,8,29999,0
617,Steven Smith,Male,41,Delhi,Rajasthan,08-04-2023,Headphones,Accessories,1,1499,Crypto,Cancelled,8,1499,0
618,Eric Wade,M,150,Bengaluru,Karnataka,2023-06-25,Tablet,Electronics,0,500,Cash,Pending,5,0,0
619,Jodi Jordan,Female,-5,Mumbai,Maharashtra,09/02/2024,Monitor,Electronics,1,1499,Cash,Cancelled,8,1499,0
620,Anna Rodriguez,F,41,unknown,Delhi,11-13-2023,Mouse,Accessories,2,1499,Card,Pending,3,2998,0
621,Aimee Brown,M,41,Mumbai,unknown,2023-06-12,Mouse,Accessories,2,1499,Crypto,Delivered,5,2998,1
622,Stacey Cannon,M,150,Delhi,Karnataka,17/03/2023,Tablet,Electronics,3,599,UPI,unknown,8,1797,0
623,Michael Green,Unknown,30,Jaipur,Karnataka,04-30-2024,Headphones,Accessories,0,29999,unknown,Cancelled,8,0,0
624,Kaitlyn Hernandez,F,49,Ahmedabad,Maharashtra,2024-05-11,Mouse,Accessories,1,500,UPI,Pending,0,500,0
625,Heather Johnson,M,150,Delhi,Gujarat,07/06/2023,Laptop,Electronics,3,599,Cash,Delivered,0,1797,1
626,Denise Hendrix,Unknown,30,Jaipur,Rajasthan,04-10-2023,Keyboard,Accessories,0,500,unknown,Delivered,0,0,1
627,Deborah Pugh,Unknown,150,Bengaluru,Karnataka,2023-04-10,Headphones,Accessories,1,29999,unknown,Pending,3,29999,0
628,Michael Berry,Unknown,-5,Mumbai,Rajasthan,13/03/2024,Printer,Electronics,3,29999,Cash,Cancelled,8,89997,0
630,Jerry Young,Female,30,Mumbai,Gujarat,2023-11-03,Phone,Electronics,0,29999,UPI,unknown,3,0,0
631,Christine Lewis,M,30,Bengaluru,Gujarat,29/07/2023,Monitor,Electronics,0,1499,Card,Pending,8,0,0
632,Carol Miller,Male,41,Bengaluru,Maharashtra,10-11-2023,Headphones,Accessories,0,500,Card,Delivered,3,0,1
633,Jeffrey Miller,M,22,Mumbai,Gujarat,2023-05-15,Monitor,Electronics,2,500,unknown,Pending,3,1000,0
634,Theresa Rivera,M,22,Bengaluru,Maharashtra,27/01/2024,Monitor,Electronics,0,500,Crypto,unknown,5,0,0
635,Michelle Thomas,Male,41,Bengaluru,Karnataka,12-18-2023,Headphones,Accessories,1,29999,Card,Delivered,4,29999,1
636,Cheryl Weber,Unknown,30,Jaipur,Maharashtra,2023-08-25,Mouse,Accessories,3,500,unknown,Cancelled,3,1500,0
637,Daniel Myers,F,49,Delhi,Delhi,30/05/2023,Phone,Electronics,1,1499,Crypto,Cancelled,5,1499,0
639,Mrs. Cynthia Little,M,-5,Mumbai,Delhi,2023-05-25,Tablet,Electronics,1,1499,Card,Pending,4,1499,0
640,Jeffrey Shepherd,M,-5,Jaipur,Rajasthan,11/11/2023,Phone,Electronics,2,599,unknown,Cancelled,5,1198,0
641,David Coleman,M,150,Bengaluru,Maharashtra,07-05-2023,Mouse,Accessories,2,29999,UPI,Delivered,4,59998,1
642,Joseph Thompson,Female,41,Delhi,Delhi,2024-03-14,Mouse,Accessories,2,599,unknown,Delivered,3,1198,1
643,Cody Wood,M,22,Delhi,Rajasthan,01/02/2024,Headphones,Accessories,1,599,unknown,Delivered,5,599,1
644,Christopher Fuller,Male,22,Jaipur,Karnataka,02-03-2023,Monitor,Electronics,2,1499,Card,Cancelled,3,2998,0
645,Donna Armstrong,F,41,Mumbai,Delhi,2023-03-16,Monitor,Electronics,0,1499,Crypto,Delivered,3,0,1
647,George Mcdaniel,Unknown,150,Delhi,Gujarat,04-16-2024,Headphones,Accessories,1,1499,Cash,unknown,8,1499,0
648,Jason Wright,M,22,Mumbai,unknown,2023-09-21,Keyboard,Accessories,1,500,UPI,Pending,8,500,0
649,Joseph Parker,F,22,Jaipur,Maharashtra,27/12/2023,Monitor,Electronics,0,599,unknown,Cancelled,8,0,0
650,Daniel Davis,M,49,Delhi,Karnataka,01-12-2024,Monitor,Electronics,0,29999,unknown,Pending,3,0,0
651,Sarah Bruce,Female,22,unknown,Gujarat,2024-04-25,Tablet,Electronics,1,500,unknown,Delivered,3,500,1
652,Richard Dawson,F,22,Delhi,Rajasthan,22/07/2023,Printer,Electronics,3,1499,Cash,Pending,0,4497,0
653,Joshua Parker,M,-5,Mumbai,Karnataka,03-04-2023,Keyboard,Accessories,0,29999,unknown,unknown,5,0,0
654,Michael Allen,M,150,Mumbai,Delhi,2023-12-08,Printer,Electronics,0,599,UPI,Cancelled,8,0,0
655,John Kennedy,Male,22,Jaipur,Rajasthan,29/04/2023,Mouse,Accessories,0,599,Card,unknown,0,0,0
656,Javier Marquez,Unknown,150,Bengaluru,Rajasthan,06-17-2023,Mouse,unknown,1,500,unknown,Pending,5,500,0
657,Erin Blevins,F,41,Bengaluru,Maharashtra,2023-09-12,Headphones,Accessories,0,599,UPI,unknown,3,0,0
658,Deborah Rose,M,-5,Ahmedabad,Rajasthan,19/08/2023,Tablet,Electronics,1,1499,Crypto,Cancelled,4,1499,0
659,Kathleen Adams,Unknown,-5,Ahmedabad,Rajasthan,08-09-2023,Mouse,Accessories,0,500,unknown,unknown,8,0,0
660,Brian Montgomery,F,22,Ahmedabad,Maharashtra,2024-03-13,Mouse,Accessories,0,500,Crypto,Cancelled,5,0,0
661,Jamie Frank,F,22,Delhi,Maharashtra,01/02/2023,Laptop,Electronics,3,599,unknown,Cancelled,8,1797,0
662,Christopher Parsons,Unknown,-5,Mumbai,Rajasthan,08-08-2023,Tablet,Electronics,2,1499,Card,Cancelled,0,2998,0
664,Anthony Watson,F,150,Ahmedabad,Maharashtra,03/12/2023,Printer,Electronics,1,500,Crypto,Delivered,5,500,1
665,Amy Valdez,Unknown,150,Jaipur,Gujarat,10-20-2023,Printer,Electronics,1,1499,Cash,unknown,3,1499,0
666,Chelsea Gilbert,Female,150,Mumbai,Maharashtra,2024-02-20,unknown,Electronics,0,1499,unknown,Delivered,0,0,1
668,Diane Medina,F,150,Ahmedabad,Gujarat,05-20-2023,Phone,Electronics,2,29999,UPI,Cancelled,0,59998,0
669,Lisa Holmes,Female,-5,Ahmedabad,Maharashtra,2023-08-10,Tablet,Electronics,0,500,unknown,Pending,3,0,0
670,Sara Warner,F,-5,Delhi,Gujarat,27/12/2023,Mouse,Accessories,3,500,Crypto,Delivered,0,1500,1
671,Virginia Franco,Female,30,Delhi,Maharashtra,07-06-2023,Headphones,Accessories,0,500,Cash,Delivered,4,0,1
672,Alicia Butler,Female,41,Bengaluru,Delhi,2023-05-17,Monitor,Electronics,0,1499,UPI,Pending,4,0,0
673,Kelly Mays,M,-5,Bengaluru,Gujarat,06/05/2023,Monitor,Electronics,0,599,Card,Pending,5,0,0
674,Kathleen Jacobson,Unknown,150,Delhi,Rajasthan,01-15-2023,Monitor,Electronics,0,599,UPI,Delivered,5,0,1
675,Samantha Fuller,M,41,Jaipur,unknown,2023-06-02,Phone,Electronics,0,1499,Card,Delivered,0,0,1
676,Kristin Cook,F,49,Bengaluru,Karnataka,14/09/2023,Phone,Electronics,3,500,UPI,Pending,0,1500,0
677,Sean Goodwin,Unknown,150,Ahmedabad,Delhi,01-31-2024,Tablet,Electronics,0,1499,Card,Delivered,4,0,1
678,Michael Ross DVM,M,-5,Mumbai,Karnataka,2024-05-11,Monitor,Electronics,1,500,Crypto,Cancelled,3,500,0
679,Carol Wood,M,30,Mumbai,Delhi,07/10/2023,Printer,Electronics,3,500,unknown,Cancelled,5,1500,0
681,Donald Terrell,M,-5,Jaipur,Gujarat,2024-03-19,Keyboard,Accessories,3,29999,UPI,Pending,5,89997,0
682,Michelle Nelson,M,41,unknown,Gujarat,16/03/2024,Mouse,Accessories,1,29999,UPI,unknown,8,29999,0
683,Amanda Skinner,M,22,Delhi,Maharashtra,07-31-2023,Tablet,Electronics,0,599,Cash,unknown,0,0,0
684,Kenneth Barnett,M,22,Jaipur,Delhi,2024-02-21,Tablet,Electronics,0,1499,UPI,unknown,3,0,0
685,Sara Pierce,Unknown,150,Jaipur,Rajasthan,18/11/2023,Monitor,Electronics,2,1499,Crypto,Pending,0,2998,0
686,Mrs. Lori Watson,M,-5,Delhi,Maharashtra,07-30-2023,Tablet,Electronics,2,29999,Cash,Pending,3,59998,0
687,Kim Myers,M,-5,Bengaluru,Delhi,2023-07-08,Mouse,Accessories,1,599,Crypto,Pending,3,599,0
688,Melissa Ramirez,Female,22,Ahmedabad,Karnataka,12/04/2023,Monitor,Electronics,0,29999,Card,Delivered,5,0,1
689,Jeremy Stewart,Male,49,Bengaluru,Gujarat,04-29-2024,Phone,Electronics,0,500,UPI,Pending,4,0,0
690,Molly Collier,Unknown,-5,Ahmedabad,Delhi,2024-04-29,Monitor,Electronics,0,1499,Crypto,Pending,5,0,0
691,Amanda Perez,M,30,Ahmedabad,Delhi,13/12/2023,Keyboard,Accessories,1,29999,Cash,Pending,0,29999,0
692,Antonio Brown,Unknown,150,Ahmedabad,Rajasthan,04-09-2024,Keyboard,Accessories,1,500,Card,Cancelled,8,500,0
693,Heather Wheeler DVM,M,150,Mumbai,Rajasthan,2023-04-19,Printer,Electronics,1,599,UPI,Cancelled,4,599,0
694,Isabella Martin PhD,F,150,Jaipur,Rajasthan,10/04/2024,Tablet,Electronics,3,500,Cash,unknown,5,1500,0
695,Belinda Roberts,F,30,Mumbai,Delhi,05-10-2024,Laptop,Electronics,0,500,Cash,unknown,4,0,0
698,Joseph Hernandez,Male,30,Delhi,Rajasthan,03-12-2024,Headphones,Accessories,2,1499,UPI,unknown,5,2998,0
699,Mary Campos,M,22,Ahmedabad,Rajasthan,2023-12-28,Headphones,Accessories,0,29999,unknown,unknown,8,0,0
700,Nathan Davis,Male,41,Jaipur,Delhi,27/02/2023,Mouse,Accessories,3,1499,Card,Cancelled,0,4497,0
701,Connie Rivera,F,22,Bengaluru,Karnataka,10-27-2023,Keyboard,Accessories,2,500,UPI,Pending,8,1000,0
702,Darlene Perry,Male,49,Mumbai,unknown,2023-02-18,Tablet,Electronics,1,500,Cash,Delivered,5,500,1
703,Michele Lewis,M,-5,Ahmedabad,Maharashtra,15/01/2023,unknown,Electronics,0,599,Cash,Delivered,3,0,1
704,Dawn Morgan,Unknown,150,Delhi,Delhi,11-15-2023,Headphones,Accessories,1,29999,Cash,Delivered,3,29999,1
705,Samuel Steele,Male,-5,Mumbai,Delhi,2024-05-02,Printer,Electronics,2,500,UPI,Delivered,4,1000,1
706,Jackson Rice,Unknown,30,Jaipur,Maharashtra,18/07/2023,Printer,Electronics,0,500,unknown,Cancelled,0,0,0
707,Joshua Lewis,Unknown,150,Delhi,Gujarat,07-03-2023,Phone,Electronics,0,500,unknown,Cancelled,0,0,0
708,Robin Reid,M,41,Bengaluru,Delhi,2023-08-05,Phone,Electronics,0,500,UPI,Delivered,0,0,1
709,Ricardo Brown,Female,30,Ahmedabad,Karnataka,13/05/2024,Headphones,Accessories,0,599,Cash,unknown,8,0,0
710,David Maxwell,Unknown,30,Delhi,Maharashtra,04-09-2024,Headphones,Accessories,2,500,Cash,Delivered,0,1000,1
711,Jordan Anderson,F,22,Bengaluru,Gujarat,2024-04-14,Laptop,Electronics,0,599,unknown,Cancelled,5,0,0
712,Alicia Brown,F,22,Jaipur,Gujarat,27/10/2023,Phone,Electronics,2,1499,unknown,Delivered,3,2998,1
713,Victor George,Unknown,150,unknown,Gujarat,03-24-2024,Monitor,Electronics,0,29999,Cash,Pending,4,0,0
715,Charles Oneill,M,49,Bengaluru,Gujarat,02/09/2023,Headphones,Accessories,3,29999,unknown,unknown,5,89997,0
716,Matthew Thompson,Male,30,Jaipur,Rajasthan,03-06-2023,Mouse,Accessories,2,599,Card,unknown,4,1198,0
717,Candace Graham,F,30,Jaipur,Maharashtra,2023-05-04,Printer,Electronics,0,1499,unknown,unknown,3,0,0
718,Steve Smith,M,-5,Ahmedabad,Rajasthan,27/03/2023,Mouse,Accessories,0,1499,Card,Cancelled,0,0,0
719,Robert Smith,Male,22,Ahmedabad,Gujarat,01-27-2023,Tablet,Electronics,0,29999,UPI,unknown,8,0,0
720,Virginia Johnson,Female,22,Bengaluru,Rajasthan,2023-09-20,Headphones,Accessories,0,29999,Crypto,Delivered,5,0,1
721,Tiffany Hayes,Male,-5,Bengaluru,Maharashtra,02/08/2023,Headphones,Accessories,0,500,UPI,Pending,5,0,0
722,Heather Lane,Unknown,-5,Delhi,Karnataka,04-09-2023,Headphones,Accessories,2,29999,Crypto,unknown,3,59998,0
723,Laura Klein,M,-5,Mumbai,Gujarat,2024-03-28,Monitor,Electronics,2,1499,Cash,Delivered,8,2998,1
724,Michael Riggs,Female,150,Ahmedabad,Rajasthan,30/03/2023,Keyboard,Accessories,0,500,Cash,Pending,4,0,0
726,Cole Swanson,Male,150,Delhi,Gujarat,2023-11-13,Keyboard,Accessories,3,29999,Cash,Delivered,0,89997,1
727,Lynn Weiss,F,150,Jaipur,Rajasthan,03/04/2024,Mouse,Accessories,0,500,UPI,Delivered,0,0,1
728,Jake Cook,F,49,Jaipur,Karnataka,02-05-2024,Phone,Electronics,1,1499,unknown,Delivered,4,1499,1
729,Katherine Williams,M,150,Ahmedabad,unknown,2023-03-22,Monitor,Electronics,1,1499,unknown,Cancelled,5,1499,0
730,Anthony Rodriguez,M,-5,Jaipur,Delhi,04/03/2023,Keyboard,Accessories,0,29999,Cash,Pending,3,0,0
732,Daniel Sanchez,F,41,Jaipur,Gujarat,2024-04-04,Headphones,Accessories,2,599,unknown,Delivered,3,1198,1
733,Jacob Baxter,Female,-5,Jaipur,Gujarat,11/06/2023,Printer,Electronics,1,1499,Crypto,Delivered,0,1499,1
734,Linda Willis,F,41,Mumbai,Maharashtra,08-03-2023,Printer,Electronics,1,29999,Crypto,Pending,8,29999,0
735,Suzanne Miller,F,150,Bengaluru,Gujarat,2023-11-26,Keyboard,Accessories,3,500,Card,Cancelled,3,1500,0
736,Alison Reyes,M,30,Bengaluru,Karnataka,03/10/2023,Tablet,Electronics,3,1499,UPI,Cancelled,0,4497,0
737,Kelly Sanford,Male,22,Bengaluru,Karnataka,01-23-2024,Mouse,Accessories,3,1499,Cash,unknown,0,4497,0
738,Joseph Estrada,Unknown,41,Bengaluru,Maharashtra,2024-01-10,Laptop,unknown,1,599,unknown,Delivered,8,599,1
739,Zachary Pham,M,41,Delhi,Karnataka,21/10/2023,Laptop,Electronics,0,1499,Cash,Cancelled,5,0,0
740,Rebecca Roberts,M,150,Delhi,Rajasthan,02-06-2024,unknown,Accessories,3,1499,Cash,unknown,3,4497,0
741,Eric Weaver,M,49,Jaipur,Rajasthan,2023-12-31,Printer,Electronics,1,500,Card,unknown,3,500,0
742,Jacob Swanson,Unknown,150,Ahmedabad,Karnataka,17/08/2023,Phone,Electronics,0,500,Cash,unknown,8,0,0
743,Tamara Lopez,M,30,Delhi,Karnataka,12-19-2023,Headphones,Accessories,2,500,unknown,unknown,4,1000,0
744,Amanda Joseph,Female,-5,unknown,Gujarat,2023-09-20,Phone,Electronics,1,1499,Crypto,Cancelled,3,1499,0
745,Daniel Smith,Male,22,Mumbai,Karnataka,12/03/2024,Printer,Electronics,3,599,Crypto,Pending,3,1797,0
746,Shaun Bullock,Unknown,41,Ahmedabad,Rajasthan,06-06-2023,Tablet,Electronics,2,1499,Crypto,unknown,3,2998,0
747,Rita Torres,Female,30,Ahmedabad,Rajasthan,2024-03-31,Monitor,Electronics,1,29999,UPI,Delivered,8,29999,1
749,Jay Davis,Unknown,22,Bengaluru,Karnataka,08-18-2023,Mouse,Accessories,0,500,Card,unknown,5,0,0
750,Stephen Johnson,Unknown,22,Delhi,Rajasthan,2023-01-24,Headphones,Accessories,0,29999,Crypto,Delivered,0,0,1
751,Gregory Pham,F,150,Delhi,Gujarat,09/04/2023,Laptop,Electronics,0,599,UPI,Pending,3,0,0
752,Lisa Black,Female,150,Ahmedabad,Rajasthan,02-07-2024,Keyboard,Accessories,0,29999,unknown,Delivered,8,0,1
753,Kelly Thompson,Female,-5,Jaipur,Karnataka,2023-06-24,Printer,Electronics,3,500,Cash,Delivered,3,1500,1
755,Jonathan Mann,F,41,Delhi,Rajasthan,03-28-2023,Laptop,Electronics,1,29999,unknown,Delivered,5,29999,1
756,Corey Miller,Unknown,-5,Jaipur,unknown,2023-07-31,Tablet,Electronics,1,1499,Card,Pending,8,1499,0
757,Eric Fisher,Male,41,Jaipur,Maharashtra,21/01/2024,Printer,Electronics,0,500,UPI,unknown,3,0,0
758,Kayla White,Male,41,Bengaluru,Karnataka,11-21-2023,Keyboard,Accessories,1,1499,Crypto,Pending,5,1499,0
759,Dalton Bowers,Male,150,Delhi,Delhi,2023-07-28,Headphones,Accessories,3,1499,Card,unknown,0,4497,0
760,Barbara Sullivan,M,150,Mumbai,Delhi,22/01/2023,Laptop,Electronics,1,599,unknown,Cancelled,3,599,0
761,Kenneth Hill,Unknown,30,Bengaluru,Karnataka,05-09-2023,Printer,Electronics,3,599,Card,Delivered,5,1797,1
762,Manuel Miller,Female,150,Mumbai,Gujarat,2023-07-22,Phone,Electronics,2,29999,unknown,Cancelled,5,59998,0
763,John Brown,Female,41,Mumbai,Delhi,20/08/2023,Monitor,Electronics,0,29999,UPI,Pending,3,0,0
764,Joyce Newman,Male,30,Ahmedabad,Karnataka,09-01-2023,Laptop,Electronics,0,500,Crypto,Delivered,3,0,1
766,Kimberly Osborn,M,22,Delhi,Rajasthan,09/07/2023,Keyboard,Accessories,3,29999,Card,Delivered,0,89997,1
767,Anthony Beard,Female,49,Ahmedabad,Maharashtra,06-05-2023,Keyboard,Accessories,1,29999,unknown,Pending,3,29999,0
768,Robert Bradley,Male,41,Bengaluru,Karnataka,2024-02-25,Printer,Electronics,0,1499,Crypto,Pending,0,0,0
769,Jackie Vincent,Male,150,Delhi,Rajasthan,16/12/2023,Mouse,Accessories,2,29999,Crypto,Pending,0,59998,0
770,Jessica Ward,Female,22,Bengaluru,Karnataka,02-05-2024,Monitor,Electronics,3,500,UPI,unknown,3,1500,0
771,Justin Conrad,Unknown,22,Bengaluru,Gujarat,2023-08-10,Printer,Electronics,0,29999,Crypto,Delivered,4,0,1
772,Vincent Morgan,F,-5,Mumbai,Rajasthan,23/05/2023,Printer,Electronics,0,1499,Cash,Delivered,0,0,1
773,Yesenia Gray,M,22,Delhi,Delhi,01-13-2024,Keyboard,Accessories,2,29999,Cash,Delivered,3,59998,1
774,Morgan Schroeder,Male,150,Mumbai,Maharashtra,2023-09-03,Printer,Electronics,2,599,unknown,Pending,5,1198,0
775,Michael Flores,F,30,unknown,Rajasthan,25/02/2024,Tablet,Electronics,0,500,UPI,unknown,0,0,0
776,Andrew Hayes,Male,-5,Mumbai,Rajasthan,02-13-2023,Laptop,Electronics,2,599,unknown,Delivered,5,1198,1
777,Michelle Collins,Male,22,Jaipur,Karnataka,2023-11-17,unknown,Electronics,1,29999,unknown,unknown,3,29999,0
778,Natasha Robinson,Female,150,Bengaluru,Rajasthan,21/01/2024,Printer,Electronics,0,500,unknown,unknown,0,0,0
779,Emily Ho,Male,-5,Bengaluru,Maharashtra,02-21-2023,Tablet,unknown,0,1499,UPI,Delivered,3,0,1
780,Cindy Garcia,F,49,Delhi,Karnataka,2023-11-01,Phone,Electronics,2,29999,Cash,unknown,8,59998,0
781,Angel Conley,Female,30,Delhi,Rajasthan,14/11/2023,Headphones,Accessories,1,1499,Cash,unknown,0,1499,0
784,Andrew Johnson,Female,22,Mumbai,Delhi,11/04/2023,Keyboard,Accessories,0,500,Crypto,Cancelled,0,0,0
785,Leslie Ramos,F,41,Ahmedabad,Maharashtra,05-08-2024,Tablet,Electronics,2,599,unknown,Delivered,8,1198,1
786,Allison Chandler,Female,30,Ahmedabad,Karnataka,2024-04-16,Laptop,Electronics,2,1499,unknown,Cancelled,8,2998,0
787,Michael Reed,Male,41,Jaipur,Rajasthan,24/07/2023,Mouse,Accessories,3,599,Crypto,Delivered,4,1797,1
788,Jonathan Smith,F,41,Jaipur,Rajasthan,08-14-2023,Keyboard,Accessories,2,1499,Cash,Pending,4,2998,0
789,Benjamin Adams,Unknown,150,Delhi,Delhi,2024-01-04,Mouse,Accessories,2,599,Card,Cancelled,3,1198,0
790,William Lambert,M,22,Mumbai,Delhi,01/03/2024,Mouse,Accessories,3,500,Card,Cancelled,5,1500,0
791,Kimberly Dixon,Male,22,Delhi,Delhi,03-29-2023,Printer,Electronics,2,1499,Crypto,unknown,5,2998,0
792,Brian Farley,Female,22,Bengaluru,Karnataka,2023-11-03,Printer,Electronics,2,29999,Card,Cancelled,4,59998,0
793,Samuel Wright,Female,49,Bengaluru,Karnataka,19/11/2023,Monitor,Electronics,0,1499,unknown,Delivered,8,0,1
794,Chelsea Burns,Female,150,Ahmedabad,Karnataka,11-11-2023,Phone,Electronics,3,500,Crypto,unknown,4,1500,0
795,Hailey Reyes,F,-5,Ahmedabad,Gujarat,2023-12-31,Tablet,Electronics,3,500,unknown,Delivered,4,1500,1
796,Dr. Travis Miller,M,30,Ahmedabad,Delhi,03/04/2024,Keyboard,Accessories,3,500,unknown,Pending,5,1500,0
797,Gina Harding,Female,22,Mumbai,Gujarat,10-09-2023,Phone,Electronics,0,29999,Card,Delivered,8,0,1
798,Steven Mueller,M,-5,Ahmedabad,Gujarat,2023-11-15,Tablet,Electronics,0,29999,unknown,Cancelled,3,0,0
800,Cassandra Hamilton,Unknown,30,Jaipur,Rajasthan,10-07-2023,Phone,Electronics,1,29999,UPI,Pending,5,29999,0
801,Taylor Huang,Unknown,41,Mumbai,Delhi,2023-12-12,Tablet,Electronics,0,1499,unknown,Cancelled,3,0,0
802,Patrick Davis,M,-5,Bengaluru,Rajasthan,25/05/2023,Tablet,Electronics,0,1499,unknown,Pending,4,0,0
803,Austin Riggs,M,30,Bengaluru,Karnataka,01-19-2024,Keyboard,Accessories,0,500,unknown,unknown,5,0,0
804,Brandon Barber,M,-5,Delhi,Gujarat,2023-06-10,Keyboard,Accessories,0,599,Cash,Pending,0,0,0
805,Christopher Barber III,M,41,Mumbai,Delhi,06/06/2023,Laptop,Electronics,0,500,unknown,unknown,0,0,0
806,Michael Tapia,F,49,unknown,Rajasthan,06-16-2023,Laptop,Electronics,2,1499,Cash,unknown,8,2998,0
807,Benjamin Taylor,Male,150,Ahmedabad,Delhi,2024-04-30,Printer,Electronics,0,599,Cash,unknown,5,0,0
808,Beth Smith,F,30,Jaipur,Karnataka,29/03/2023,Phone,Electronics,0,599,Card,Pending,3,0,0
809,Michelle Hines,Female,41,Bengaluru,Rajasthan,05-26-2023,Keyboard,Accessories,0,599,Cash,Delivered,4,0,1
810,John King,M,30,Jaipur,unknown,2024-03-16,Printer,Electronics,2,500,unknown,Delivered,8,1000,1
811,Betty Ayala,Unknown,-5,Ahmedabad,Delhi,08/03/2023,Keyboard,Accessories,0,29999,Crypto,Pending,0,0,0
813,Mary Molina,M,-5,Bengaluru,Rajasthan,2024-04-11,Headphones,Accessories,1,29999,unknown,unknown,5,29999,0
814,Corey Greene,M,150,Delhi,Gujarat,07/03/2024,unknown,Electronics,2,1499,Crypto,unknown,8,2998,0
815,Mary Mckee,F,22,Ahmedabad,Rajasthan,04-11-2024,Mouse,Accessories,2,1499,Cash,Cancelled,3,2998,0
817,Cole Manning,Female,150,Jaipur,Gujarat,26/03/2023,Monitor,Electronics,1,599,unknown,unknown,3,599,0
818,Richard Daniels,Female,-5,Jaipur,Rajasthan,06-25-2023,Printer,Electronics,3,599,unknown,Pending,5,1797,0
819,Alexis Lopez DVM,M,49,Ahmedabad,Rajasthan,2024-01-19,Headphones,Accessories,1,1499,unknown,unknown,4,1499,0
820,John Summers,Female,30,Jaipur,Karnataka,25/02/2024,Monitor,unknown,1,1499,Cash,Delivered,0,1499,1
821,Andrew Clark,Male,22,Mumbai,Delhi,07-20-2023,Mouse,Accessories,0,29999,Card,Pending,3,0,0
822,Theresa Houston,M,22,Bengaluru,Rajasthan,2023-09-30,Keyboard,Accessories,0,29999,unknown,Delivered,0,0,1
823,Clinton Coleman,Female,30,Mumbai,Delhi,25/01/2023,Printer,Electronics,2,599,UPI,unknown,3,1198,0
824,Darren Fisher,Male,30,Jaipur,Delhi,06-22-2023,Keyboard,Accessories,2,599,unknown,Delivered,5,1198,1
825,Cassandra Taylor,F,30,Bengaluru,Gujarat,2023-10-15,Keyboard,Accessories,0,599,Card,Pending,3,0,0
826,Gregory Holmes,Male,-5,Mumbai,Rajasthan,15/06/2023,Mouse,Accessories,0,1499,unknown,Pending,3,0,0
827,Danielle Graves,F,41,Jaipur,Rajasthan,02-22-2024,Monitor,Electronics,2,500,Cash,unknown,3,1000,0
828,Caleb Galloway,Unknown,22,Bengaluru,Maharashtra,2023-10-02,Mouse,Accessories,0,1499,Cash,Pending,5,0,0
829,Michael Cantu,Unknown,22,Bengaluru,Karnataka,04/09/2023,Phone,Electronics,0,500,Crypto,Pending,0,0,0
830,Jacob Flores,Female,22,Bengaluru,Rajasthan,12-27-2023,Laptop,Electronics,3,1499,unknown,unknown,4,4497,0
831,Monica Turner,Female,41,Ahmedabad,Maharashtra,2023-02-10,Laptop,Electronics,2,1499,unknown,Pending,3,2998,0
832,Amber Jones,Unknown,49,Delhi,Maharashtra,17/04/2024,Headphones,Accessories,3,599,Crypto,unknown,5,1797,0
834,Jennifer Salazar,Female,-5,Jaipur,Rajasthan,2023-09-24,Tablet,Electronics,0,599,Card,Delivered,4,0,1
835,Thomas Taylor,Female,150,Bengaluru,Delhi,06/03/2023,Phone,Electronics,2,599,unknown,unknown,5,1198,0
836,Anthony Phillips,Female,-5,Delhi,Karnataka,01-05-2024,Keyboard,Accessories,2,29999,Cash,unknown,3,59998,0
837,Jessica Beck,M,22,unknown,unknown,2023-04-14,Monitor,Electronics,3,500,unknown,Pending,8,1500,0
838,Wesley Lloyd,Female,-5,Jaipur,Gujarat,05/08/2023,Printer,Electronics,0,599,Cash,Pending,0,0,0
839,Joy Jackson,M,-5,Mumbai,Gujarat,03-31-2023,Monitor,Electronics,3,500,Crypto,unknown,3,1500,0
840,Jonathan Hunter,Female,30,Delhi,Rajasthan,2023-03-11,Headphones,Accessories,1,29999,unknown,unknown,8,29999,0
842,Paul Curtis,M,41,Mumbai,Karnataka,03-25-2023,Keyboard,Accessories,0,29999,unknown,Delivered,8,0,1
843,Troy Brown,Female,-5,Jaipur,Maharashtra,2024-01-12,Keyboard,Accessories,1,1499,Cash,unknown,4,1499,0
844,Aaron Morton,Male,22,Jaipur,Gujarat,07/05/2023,Mouse,Accessories,0,599,Crypto,Pending,8,0,0
845,Dominic Farley,Unknown,49,Mumbai,Karnataka,02-29-2024,Printer,Electronics,0,500,Crypto,Cancelled,8,0,0
846,Caleb Sanchez,Male,150,Mumbai,Delhi,2024-03-21,Phone,Electronics,3,1499,unknown,unknown,5,4497,0
847,Timothy Davis,Male,22,Jaipur,Gujarat,28/03/2023,Headphones,Accessories,0,500,unknown,Cancelled,8,0,0
848,Brian Delgado,Female,30,Delhi,Gujarat,04-01-2023,Tablet,Electronics,2,599,unknown,Pending,4,1198,0
849,Michael Miller,Female,41,Ahmedabad,Gujarat,2023-01-31,Mouse,Accessories,0,599,unknown,Pending,3,0,0
851,Kenneth Morgan,Male,150,Jaipur,Rajasthan,02-01-2023,unknown,Electronics,2,599,unknown,Cancelled,8,1198,0
852,Steven English,F,-5,Mumbai,Maharashtra,2024-01-23,Tablet,Electronics,3,29999,Card,Cancelled,8,89997,0
853,Brian Fisher,Unknown,41,Jaipur,Rajasthan,09/11/2023,Laptop,Electronics,0,500,unknown,Pending,3,0,0
854,Sandra Roberts,Female,41,Ahmedabad,Karnataka,03-04-2023,Monitor,Electronics,0,500,unknown,Pending,3,0,0
855,Robert King,Male,41,Jaipur,Maharashtra,2024-05-05,Tablet,Electronics,0,1499,Crypto,unknown,3,0,0
856,Richard Lee,Unknown,-5,Ahmedabad,Rajasthan,14/01/2024,Phone,Electronics,0,29999,Crypto,Pending,4,0,0
857,Joseph Ramirez,Female,-5,Jaipur,Maharashtra,03-24-2024,Laptop,Electronics,0,500,Card,unknown,3,0,0
858,Joseph Young,Female,49,Delhi,Delhi,2023-12-06,Keyboard,Accessories,1,599,unknown,Delivered,4,599,1
859,Sherri Smith,Unknown,30,Mumbai,Gujarat,07/04/2024,Printer,Electronics,1,1499,Crypto,unknown,3,1499,0
860,Jessica Harris,F,150,Jaipur,Maharashtra,06-20-2023,Keyboard,Accessories,0,500,unknown,unknown,4,0,0
861,Madison Bennett,Unknown,22,Jaipur,Rajasthan,2023-05-13,Phone,unknown,3,1499,unknown,Delivered,0,4497,1
862,Eric Fletcher,M,150,Jaipur,Maharashtra,07/03/2023,Tablet,Electronics,1,1499,unknown,unknown,5,1499,0
863,Dr. Elizabeth Bell MD,F,150,Bengaluru,Delhi,02-13-2024,Mouse,Accessories,1,500,UPI,unknown,5,500,0
864,Vincent Martinez,Female,-5,Ahmedabad,unknown,2024-02-22,Monitor,Electronics,2,29999,Card,Delivered,0,59998,1
865,Kenneth Morton,Unknown,150,Ahmedabad,Delhi,08/06/2023,Phone,Electronics,0,29999,unknown,unknown,3,0,0
866,Michael Brown,Female,22,Delhi,Gujarat,03-20-2023,Keyboard,Accessories,0,29999,unknown,Pending,3,0,0
868,Samuel Brown,F,-5,unknown,Rajasthan,17/04/2024,Keyboard,Accessories,2,29999,Crypto,Delivered,5,59998,1
869,Elizabeth Lane,F,30,Ahmedabad,Gujarat,12-02-2023,Mouse,Accessories,3,1499,Card,Pending,4,4497,0
871,Jessica Pruitt,Female,49,Jaipur,Rajasthan,02/07/2023,Headphones,Accessories,0,29999,Crypto,unknown,4,0,0
872,Melissa Wright,Female,22,Jaipur,Delhi,01-05-2024,Printer,Electronics,0,500,Cash,Pending,8,0,0
873,Mary Murray,M,-5,Mumbai,Gujarat,2024-02-12,Phone,Electronics,3,599,UPI,Delivered,3,1797,1
874,Nicole Smith,Male,150,Bengaluru,Karnataka,08/09/2023,Keyboard,Accessories,0,29999,unknown,Delivered,3,0,1
875,Margaret Barnes,M,-5,Mumbai,Karnataka,04-03-2023,Printer,Electronics,2,599,Cash,Delivered,0,1198,1
876,David Novak,M,150,Bengaluru,Karnataka,2023-07-27,Laptop,Electronics,0,599,Crypto,Delivered,4,0,1
877,Kelsey Davis,Female,150,Delhi,Rajasthan,04/04/2024,Phone,Electronics,0,500,Cash,Delivered,3,0,1
878,Lori Zhang,Female,22,Bengaluru,Maharashtra,10-22-2023,Keyboard,Accessories,1,599,UPI,Cancelled,5,599,0
879,Patricia Arnold,Male,30,Mumbai,Rajasthan,2023-03-29,Printer,Electronics,0,29999,unknown,unknown,4,0,0
880,Jessica Hernandez,F,41,Bengaluru,Karnataka,09/09/2023,Tablet,Electronics,0,1499,unknown,Delivered,3,0,1
881,Jennifer Garcia,Female,41,Delhi,Delhi,01-19-2023,Keyboard,Accessories,0,1499,Crypto,Cancelled,5,0,0
882,Bethany Collins,Male,150,Mumbai,Maharashtra,2024-01-09,Printer,Electronics,0,1499,unknown,unknown,3,0,0
883,Carrie Bowman,Female,150,Delhi,Rajasthan,13/12/2023,Printer,Electronics,3,1499,unknown,Cancelled,0,4497,0
885,Krista Larson,F,-5,Jaipur,Maharashtra,2023-03-05,Phone,Electronics,1,29999,Cash,Cancelled,4,29999,0
886,Derek Peterson,Male,-5,Delhi,Gujarat,21/05/2023,Laptop,Electronics,1,599,Card,Cancelled,0,599,0
887,Sandra Scott,F,41,Bengaluru,Maharashtra,02-18-2023,Tablet,Electronics,0,599,UPI,Pending,5,0,0
888,Jeffrey Burns,F,150,Bengaluru,Gujarat,2023-04-03,unknown,Electronics,0,1499,Cash,Delivered,0,0,1
889,April Dennis,Female,-5,Bengaluru,Maharashtra,21/03/2023,Mouse,Accessories,1,29999,unknown,Pending,0,29999,0
890,Heather Vasquez,Female,-5,Mumbai,Gujarat,12-28-2023,Headphones,Accessories,0,29999,Cash,unknown,0,0,0
891,Melanie Jordan,Unknown,22,Mumbai,unknown,2024-03-27,Keyboard,Accessories,0,29999,UPI,Delivered,3,0,1
892,Thomas Henderson,Female,150,Jaipur,Rajasthan,03/05/2023,Phone,Electronics,3,500,UPI,unknown,0,1500,0
893,Scott Nelson,M,150,Bengaluru,Rajasthan,03-11-2023,Headphones,Accessories,0,599,Crypto,Pending,3,0,0
894,Joshua Murphy,F,41,Delhi,Karnataka,2023-01-04,Printer,Electronics,0,599,Crypto,unknown,4,0,0
895,Clayton Pearson MD,Female,22,Mumbai,Delhi,21/04/2024,Keyboard,Accessories,0,29999,UPI,unknown,8,0,0
896,Manuel Williams,Male,41,Delhi,Karnataka,03-29-2023,Tablet,Electronics,1,29999,Cash,unknown,5,29999,0
897,Charles Crawford,F,49,Ahmedabad,Delhi,2023-04-20,Laptop,Electronics,3,599,unknown,unknown,3,1797,0
898,Michael Benjamin,Unknown,41,Mumbai,Rajasthan,04/01/2023,Headphones,Accessories,1,29999,unknown,Pending,8,29999,0
900,Kelly Brown,Female,-5,Ahmedabad,Maharashtra,2023-03-21,Monitor,Electronics,3,29999,unknown,Pending,0,89997,0
901,Ryan Miller,Female,41,Jaipur,Karnataka,2024-04-20,Laptop,Electronics,0,599,Crypto,unknown,3,0,0
902,Cheryl Farmer,Female,-5,Ahmedabad,Maharashtra,05-26-2023,Laptop,unknown,1,1499,unknown,Pending,8,1499,0
903,Donald Moody,M,-5,Bengaluru,Gujarat,2023-05-17,Phone,Electronics,2,29999,unknown,unknown,4,59998,0
903,Kelly Murphy,Unknown,-5,Bengaluru,Rajasthan,12-26-2023,Phone,Electronics,0,1499,UPI,unknown,8,0,0
904,Susan Li,Male,30,Delhi,Maharashtra,05/05/2024,Phone,Electronics,0,599,unknown,Pending,3,0,0
904,Christian Collins,Unknown,30,Delhi,Gujarat,2024-03-20,Laptop,Electronics,1,599,unknown,Pending,4,599,0
905,Gina Stanley,Female,150,Bengaluru,Karnataka,01/12/2023,Mouse,Accessories,0,29999,unknown,Pending,5,0,0
905,Tammy Kline,M,150,Jaipur,Gujarat,02-29-2024,Tablet,Electronics,0,29999,Cash,unknown,3,0,0
906,Roger Frank,Male,-5,Delhi,Delhi,07-04-2023,Printer,Electronics,0,599,Card,unknown,3,0,0
906,Molly Li,F,30,Delhi,Maharashtra,2023-05-07,Mouse,Accessories,1,29999,unknown,Pending,8,29999,0
907,David Mitchell,F,150,Delhi,Delhi,31/08/2023,Phone,Electronics,0,1499,Card,Delivered,4,0,1
908,Amy May,Unknown,22,Jaipur,Delhi,24/05/2023,Tablet,Electronics,0,29999,unknown,Cancelled,8,0,0
908,Donald Bryant,Female,30,Ahmedabad,Rajasthan,01-20-2023,Monitor,Electronics,0,1499,UPI,Delivered,8,0,1
909,Melissa Carlson,Female,30,Mumbai,Gujarat,2023-09-26,Monitor,Electronics,0,599,Crypto,unknown,3,0,0
909,Christina Adams,Male,150,Ahmedabad,Rajasthan,04-18-2024,Mouse,Accessories,3,29999,unknown,unknown,0,89997,0
910,Danielle Oneill,Unknown,150,Bengaluru,Maharashtra,2023-03-08,Headphones,Accessories,3,599,unknown,unknown,0,1797,0
910,Christopher Martin,Unknown,49,Mumbai,Maharashtra,26/02/2023,Monitor,Electronics,0,1499,Cash,Delivered,4,0,1
911,Meredith Francis,Unknown,30,Mumbai,Gujarat,01-01-2023,Laptop,Electronics,3,599,unknown,Pending,5,1797,0
911,Jerry Cain,F,22,unknown,Delhi,15/05/2023,Laptop,Electronics,0,599,Card,Delivered,5,0,1
912,Emily Wilcox,Unknown,22,Jaipur,Rajasthan,2023-07-06,Tablet,Electronics,0,1499,Cash,Cancelled,3,0,0
912,Jessica Williams,Male,49,Delhi,Gujarat,03-23-2023,unknown,Electronics,0,599,Cash,unknown,8,0,0
913,Brittany Brooks,Male,22,Delhi,Rajasthan,2023-10-01,Headphones,Accessories,0,500,Card,unknown,5,0,0
913,Mr. Mark Carter,F,150,Bengaluru,Maharashtra,19/02/2024,Tablet,Electronics,2,29999,Card,unknown,3,59998,0
914,Michelle Rodriguez,Male,150,Delhi,Delhi,03-08-2023,Phone,Electronics,0,599,UPI,Cancelled,5,0,0
914,Mark Torres,F,-5,Delhi,Gujarat,12/06/2023,Tablet,Electronics,1,29999,unknown,Delivered,0,29999,1
915,Mike Smith,F,30,Jaipur,Delhi,2023-08-31,Keyboard,Accessories,2,500,Crypto,Cancelled,0,1000,0
915,Erin Scott,Female,30,Mumbai,Karnataka,04-30-2024,Headphones,Accessories,1,500,UPI,Cancelled,8,500,0
916,Tanya Frazier,M,22,Ahmedabad,Rajasthan,03/04/2024,Tablet,Electronics,0,500,Crypto,Delivered,4,0,1
916,April Ross,Female,22,Ahmedabad,Maharashtra,2023-04-20,Laptop,Electronics,3,1499,UPI,Pending,3,4497,0
917,Cindy Gomez,Unknown,-5,Ahmedabad,Karnataka,27/07/2023,Phone,Electronics,2,29999,Card,Delivered,3,59998,1
917,Michael Brooks,Unknown,22,Bengaluru,Rajasthan,05-21-2023,Mouse,Accessories,2,500,unknown,Delivered,4,1000,1
918,Jean Becker,Female,30,Mumbai,Gujarat,06-25-2023,Monitor,Electronics,0,500,Crypto,Pending,8,0,0
919,Christian Woodard,F,22,Bengaluru,Gujarat,20/10/2023,Keyboard,Accessories,0,29999,Cash,Pending,5,0,0
920,Sara Rosales,Female,30,Jaipur,Karnataka,05-18-2023,Phone,Electronics,2,29999,UPI,Pending,5,59998,0
920,Jennifer Garza,Female,-5,Mumbai,Rajasthan,19/03/2023,Headphones,Accessories,0,29999,Crypto,Delivered,8,0,1
921,James Morrison,F,22,Jaipur,Delhi,11-21-2023,Headphones,Accessories,2,500,unknown,Pending,0,1000,0
921,Randy Browning,Female,30,Bengaluru,Rajasthan,2023-05-19,Laptop,Electronics,1,29999,unknown,Cancelled,5,29999,0
922,Amy Thompson,Female,-5,Bengaluru,Maharashtra,29/04/2024,Monitor,Electronics,3,599,unknown,Delivered,5,1797,1
922,John Olsen,Female,30,Bengaluru,unknown,2023-04-21,Tablet,Electronics,1,29999,Cash,Delivered,5,29999,1
923,Chad King,M,-5,Ahmedabad,Gujarat,15/09/2023,Phone,Electronics,3,29999,Crypto,unknown,0,89997,0
923,Sara Blankenship,Female,49,Mumbai,Rajasthan,01-10-2024,Monitor,Electronics,0,599,unknown,unknown,5,0,0
924,Matthew Scott,M,-5,Mumbai,Delhi,02-28-2023,Mouse,Accessories,0,1499,Crypto,unknown,8,0,0
924,Maria Brown,M,30,Mumbai,Maharashtra,2023-11-21,Keyboard,Accessories,2,500,Card,unknown,4,1000,0
925,Joshua Davis,Unknown,49,Bengaluru,Rajasthan,2024-03-08,Printer,Electronics,1,599,UPI,Delivered,0,599,1
925,William Williams,Unknown,30,Ahmedabad,Rajasthan,07/01/2024,unknown,Electronics,0,1499,unknown,Pending,4,0,0
926,Jason Ferguson,F,150,Jaipur,Gujarat,23/02/2023,Headphones,Accessories,0,599,unknown,Cancelled,8,0,0
926,Dr. Cynthia Bolton,Female,41,Jaipur,Maharashtra,10-19-2023,Headphones,Accessories,2,1499,unknown,Pending,3,2998,0
927,Justin Brown,Female,-5,Ahmedabad,Rajasthan,2023-02-06,Printer,Electronics,0,1499,unknown,Delivered,0,0,1
927,Tamara Thomas,F,-5,Jaipur,Delhi,04-25-2023,Headphones,Accessories,0,599,Cash,unknown,8,0,0
928,Heidi Lucas,Male,41,Delhi,Karnataka,2023-12-27,Printer,Electronics,3,29999,unknown,Cancelled,5,89997,0
929,Ashley Campbell,Male,-5,Jaipur,Rajasthan,11/12/2023,Keyboard,Accessories,1,1499,Cash,Cancelled,5,1499,0
929,Patrick Buchanan,Male,22,Bengaluru,Maharashtra,11-04-2023,Laptop,Electronics,1,1499,Card,unknown,0,1499,0
930,Christie Thompson,Unknown,41,unknown,Gujarat,2024-02-22,Mouse,Accessories,2,1499,UPI,Cancelled,0,2998,0
930,Renee Lynn,Female,150,Ahmedabad,Delhi,05-06-2024,Printer,Electronics,0,500,UPI,unknown,4,0,0
931,Sandra Houston,M,41,Bengaluru,Delhi,2023-07-19,Mouse,Accessories,0,1499,UPI,Pending,0,0,0
931,Abigail Gonzales,Male,150,Mumbai,Rajasthan,11/01/2023,Laptop,Electronics,0,500,Card,Delivered,3,0,1
932,Kayla Harris,Unknown,150,Delhi,Maharashtra,20/11/2023,Printer,Electronics,2,599,UPI,Delivered,8,1198,1
932,Ryan Johnson,M,-5,Delhi,Maharashtra,01-13-2023,Keyboard,Accessories,3,1499,unknown,unknown,3,4497,0
933,Trevor Arnold,Female,22,Mumbai,Maharashtra,2023-03-28,Phone,Electronics,1,29999,UPI,Cancelled,3,29999,0
933,Justin Ward,Male,150,Bengaluru,Rajasthan,11-18-2023,Mouse,Accessories,0,500,UPI,Pending,8,0,0
934,Meghan Jenkins,Female,-5,Bengaluru,Maharashtra,06/11/2023,Mouse,Accessories,0,1499,unknown,unknown,4,0,0
934,John Manning,Female,30,Delhi,Maharashtra,2023-11-20,Tablet,unknown,2,1499,unknown,unknown,5,2998,0
935,Chad Brown,Male,30,Jaipur,Karnataka,27/01/2023,Monitor,Electronics,1,599,unknown,Delivered,3,599,1
936,David Johnson,Male,49,Delhi,Delhi,2024-02-13,Phone,Electronics,3,1499,unknown,unknown,8,4497,0
937,Douglas Escobar,M,22,Delhi,Gujarat,2023-07-31,Phone,Electronics,0,29999,unknown,unknown,4,0,0
937,Ryan Odonnell,Unknown,30,Jaipur,Maharashtra,27/02/2023,Printer,Electronics,2,1499,unknown,Cancelled,5,2998,0
938,Vanessa Bryant,Female,49,Bengaluru,Karnataka,02/06/2023,Laptop,Electronics,1,599,Cash,Cancelled,3,599,0
938,Ashley Gordon,M,150,Mumbai,Delhi,08-06-2023,Headphones,Accessories,2,500,unknown,unknown,0,1000,0
939,Megan Walters,M,22,Bengaluru,Gujarat,2023-09-10,Keyboard,Accessories,0,1499,unknown,Delivered,4,0,1
939,Courtney Nichols,Female,150,Mumbai,Rajasthan,11-11-2023,Laptop,Electronics,2,599,Crypto,Delivered,0,1198,1
940,Kelli Erickson,Female,41,Jaipur,Delhi,2024-01-25,Mouse,Accessories,1,29999,Card,Pending,3,29999,0
940,Robert Lee PhD,Male,41,Bengaluru,Gujarat,02/01/2023,Keyboard,Accessories,2,599,UPI,Cancelled,5,1198,0
941,Samuel Brown,Unknown,41,Ahmedabad,Delhi,21/12/2023,Mouse,Accessories,1,29999,unknown,Cancelled,8,29999,0
941,Karen Lee,Female,150,Ahmedabad,Delhi,05-31-2023,Headphones,Accessories,2,1499,UPI,Pending,3,2998,0
942,Shelby Holland,M,150,unknown,Gujarat,02-19-2024,Headphones,Accessories,2,29999,Card,Pending,5,59998,0
942,Carrie Lawson,M,22,Ahmedabad,Maharashtra,2023-12-27,Mouse,Accessories,1,599,unknown,Delivered,8,599,1
943,Connie Cardenas,Female,30,Ahmedabad,Gujarat,2023-02-22,Monitor,Electronics,0,500,Crypto,Cancelled,5,0,0
943,Eric Mclean,Male,30,Mumbai,Delhi,21/03/2024,Mouse,unknown,1,1499,UPI,Delivered,0,1499,1
944,Anthony Pennington,M,30,Bengaluru,Maharashtra,25/02/2023,Printer,Electronics,3,599,unknown,Pending,3,1797,0
944,Kimberly Andrews,M,30,Bengaluru,Maharashtra,03-18-2023,Mouse,Accessories,0,500,unknown,Cancelled,8,0,0
945,Daniel Rios,Unknown,150,Bengaluru,Maharashtra,05-10-2023,Printer,Electronics,0,599,UPI,Pending,5,0,0
945,Stephanie Mueller,Unknown,22,Delhi,unknown,2023-12-22,Laptop,Electronics,1,599,Crypto,Pending,0,599,0
946,Jordan Carlson,Unknown,30,Jaipur,Delhi,2024-02-09,Mouse,Accessories,3,29999,Card,Cancelled,3,89997,0
946,Larry Brooks,M,-5,Bengaluru,Maharashtra,06/01/2023,Printer,Electronics,0,29999,unknown,Pending,8,0,0
947,Darren Clark,F,-5,Delhi,Delhi,05-20-2023,Phone,Electronics,0,599,Card,unknown,4,0,0
947,Taylor French,Unknown,30,Ahmedabad,Karnataka,13/06/2023,Laptop,Electronics,3,1499,Crypto,Delivered,8,4497,1
948,Brett York,F,30,Jaipur,Karnataka,11-05-2023,Keyboard,Accessories,3,599,Crypto,unknown,8,1797,0
948,Nathaniel Newton,M,-5,Mumbai,Gujarat,2024-05-14,Phone,Electronics,0,1499,UPI,Cancelled,8,0,0
949,Jessica Powell,Male,49,Jaipur,Maharashtra,19/05/2023,Phone,Electronics,0,29999,UPI,Pending,5,0,0
949,Jessica Craig,Female,30,Jaipur,unknown,2024-02-21,unknown,Electronics,0,500,UPI,Cancelled,8,0,0
950,Kayla Pierce,Male,30,Bengaluru,Rajasthan,10-05-2023,Phone,Electronics,3,1499,Crypto,Pending,3,4497,0
950,Heidi Martin,Female,150,Mumbai,Karnataka,05/03/2023,Headphones,Accessories,0,1499,Crypto,Delivered,5,0,1
