,customer_id,customer_name,email,registration_date,customer_type
0,1,Betty Evans,carpenteraaron@example.com,2025-02-17,PREMIUM
1,2,Timothy Marks,wmiller@example.org,2022-10-09,REGULAR
2,3,Gary Cooper,rschmidt@example.net,2026-05-19,REGULAR
3,4,Lauren Mathis,dyerjose@example.net,2024-11-25,REGULAR
4,5,William Mcdonald DDS,hgates@example.org,2023-08-31,PREMIUM
5,6,Michael Kim,judy33@example.org,2022-05-11,REGULAR
6,7,Rebekah Compton,sarah63@example.net,2026-05-20,REGULAR
7,8,Mr. Jonathan Lynch,jamesmcbride@example.org,2024-12-25,REGULAR
8,9,James Hudson,jonesmark@example.net,2025-02-03,REGULAR
9,10,Carrie Armstrong,mcclurerachel@,2022-01-10,REGULAR
10,11,Brian Prince,jason61@example.org,2022-06-10,REGULAR
11,12,Lisa Hill,xwilson@example.net,2021-10-10,VIP
12,13,Jeffrey Rosario,hansenrachel@example.org,2022-01-06,REGULAR
13,14,John Kirby,rhonda79@example.net,2022-06-19,PREMIUM
14,15,William Solomon,medinajesse@example.com,2022-11-04,REGULAR
15,16,Stacy Christensen,alicia18@example.com,2023-05-17,VIP
16,17,Douglas House,blackjames@example.org,2024-05-12,REGULAR
17,18,Valerie Riggs,wilsonralph@example.org,2022-07-18,REGULAR
18,19,Christopher Hawkins,petersonrichard@example.com,2025-10-16,REGULAR
19,20,Lawrence Martin,longmorgan@example.com,2021-08-29,REGULAR
20,21,Scott Gould,kathryn10@example.com,2025-11-10,REGULAR
21,22,Christopher Oconnor,zacharyanderson@example.net,2022-09-15,REGULAR
22,23,Jessica Johnson,murphymichael@example.com,2024-05-29,REGULAR
23,24,Jill Kirk,michaelclark@example.org,2022-09-07,REGULAR
24,25,Robert Jackson,wmcdonald@example.net,2023-08-24,REGULAR
25,26,Brittany Rodgers,jenniferrichardson@example.com,2024-11-03,REGULAR
26,27,Mark Allen,sharpbrendan@example.org,2026-01-01,REGULAR
27,28,Michael Brooks,williamfranklin@example.org,2025-06-09,VIP
28,29,Mr. Gabriel Porter,alison69@example.org,2025-07-30,REGULAR
29,30,Danielle Wade,markgutierrez@example.net,2024-01-16,REGULAR
30,31,Laura Thomas,hansenjeffrey@example.org,2026-04-21,REGULAR
31,32,Amber Dickerson,eperez@example.net,2024-10-23,VIP
32,33,Richard Juarez,dfoster@example.com,2025-10-06,REGULAR
33,34,Michael Peters,mwright@example.org,2023-03-02,PREMIUM
34,35,Dean Davis,qdavidson@example.net,2025-07-23,REGULAR
35,36,Michael Phillips,arnoldjorge@example.org,2023-09-12,REGULAR
36,37,Michelle Williams MD,ydiaz@example.com,2026-04-14,REGULAR
37,38,Mark Gibson,bradshawdennis@example.net,2025-06-24,REGULAR
38,39,James Lambert,heathercannon@example.net,2022-01-29,PREMIUM
39,40,Sandra Morales,hayden41@example.com,2023-11-19,REGULAR
40,41,Eric Allen,williammorgan@example.net,2021-11-23,REGULAR
41,42,Judy Martinez,adonaldson@example.org,2025-07-20,REGULAR
42,43,Charles Brown,jjones@example.net,2021-08-23,VIP
43,44,Robert Harper,michaelreyes@example.net,2023-09-26,VIP
44,45,Heather Allen,rperez@example.com,2023-12-25,VIP
45,46,Michael Thomas,matthewjohnson@example.net,2023-10-14,REGULAR
46,47,Jill Obrien,dawngreen@example.net,2023-12-12,REGULAR
47,48,Rachel Garza,patricia62@example.com,2021-09-25,REGULAR
48,49,Keith Alexander,larasuzanne@example.org,2021-12-20,REGULAR
49,50,Micheal Fernandez,masonwendy@example.net,2024-05-21,REGULAR
50,51,Richard Rodriguez,rodgerschristopher@example.com,2022-03-21,REGULAR
51,52,Samantha Medina,gkramer@example.net,2023-05-01,REGULAR
52,53,Robin Harris,julianhernandez@example.com,2024-09-03,VIP
53,54,Nicole Anderson,iwest@example.org,2021-08-20,REGULAR
54,55,Krystal Davis,gbowman@example.org,2026-03-08,PREMIUM
55,56,Brian Washington,lsmith@example.com,2023-06-01,REGULAR
56,57,Mr. Gerald Torres,dshea@example.net,2021-11-14,REGULAR
57,58,Tina Harris,dbrown@,2025-11-19,REGULAR
58,59,Michelle Francis,carolynmartinez@example.net,2024-04-14,REGULAR
59,60,Robert Mckee,kristi25@example.net,2022-11-20,VIP
60,61,Shane Galloway,peter18@example.com,2025-09-02,REGULAR
61,62,Brandy Burnett,kclayton@example.com,2024-11-27,REGULAR
62,63,Carl Marshall,barbara98@example.net,2026-01-21,REGULAR
63,64,Amber Miller,carrierose@example.org,2022-03-08,REGULAR
64,65,Patrick Patterson,robert72@example.com,2021-07-17,REGULAR
65,66,Cynthia Gibbs,craigcarlos@example.org,2025-10-08,PREMIUM
66,67,Mark Ball,arianahayes@example.org,2022-01-31,PREMIUM
67,68,Brittany Martinez,robert94@example.org,2023-03-21,PREMIUM
68,69,Andrea White,lucerojeffrey@example.com,2022-09-27,REGULAR
69,70,Connie Johnson,teresamartinez@example.net,2022-03-02,PREMIUM
70,71,Valerie Olson,radkins@example.org,2024-01-25,REGULAR
71,72,Nancy Thornton,mariahmunoz@example.org,2025-12-06,REGULAR
72,73,Jeffrey Butler,kristarodriguez@example.com,2025-05-30,REGULAR
73,74,Bryan Cortez,hmercer@example.org,2022-07-20,REGULAR
74,75,Amanda Scott,brianhammond@example.net,2026-03-19,REGULAR
75,76,Emily Fitzgerald,rogersbenjamin@example.net,2022-04-15,REGULAR
76,77,Jackie Todd,phyllis70@example.com,2023-09-06,PREMIUM
77,78,Renee Taylor,igarner@example.net,2024-07-28,REGULAR
78,79,Michael Edwards,ramosheather@example.com,2025-08-10,REGULAR
79,80,Barbara Schroeder,adam67@example.net,2023-03-27,VIP
80,81,Jessica Bowen,brandonpadilla@example.com,2025-11-29,PREMIUM
81,82,Jared Daugherty,nancymathis@example.net,2023-12-19,REGULAR
82,83,Pedro Carson,penarachel@example.com,2024-01-23,PREMIUM
83,84,Thomas Harvey,mcleangrace@example.com,2022-02-23,PREMIUM
84,85,Kim Simpson,marc77@example.com,2025-12-22,REGULAR
85,86,Stephanie Cook,courtney56@example.org,2022-07-19,REGULAR
86,87,Crystal Mcpherson,zjones@example.com,2025-09-17,REGULAR
87,88,Jeremy Barnes,ceaton@example.net,2021-10-12,REGULAR
88,89,David Miller,rodgerswayne@example.org,2025-11-29,REGULAR
89,90,John Austin,vmitchell@example.net,2025-08-06,REGULAR
90,91,David Jones,debrareese@example.org,2022-06-23,REGULAR
91,92,Eric Navarro,kayla29@example.com,2022-05-05,REGULAR
92,93,Thomas Casey,rbrady@example.com,2022-10-12,VIP
93,94,Matthew Jimenez,michaelandrews@example.org,2024-04-26,REGULAR
94,95,Joseph Perkins,ofranco@example.com,2024-12-10,VIP
95,96,Eric Bennett,allenkarina@example.net,2023-10-17,REGULAR
96,97,Jasmine Hernandez,owenjeffrey@example.net,2022-03-10,PREMIUM
97,98,Adrian Gallegos,clarklarry@example.com,2023-11-03,REGULAR
98,99,Joann Fisher,alianthony@example.net,2024-08-31,REGULAR
99,100,Scott Hendrix,leslie34@example.org,2021-09-06,REGULAR
100,101,Mandy Wright,bwilkinson@example.org,2023-04-03,REGULAR
101,102,Peter Banks,richardburnett@example.org,2023-06-14,REGULAR
102,103,James Avila,john43@example.org,2024-07-13,REGULAR
103,104,Laura Webb,francisco64@example.net,2023-12-05,REGULAR
104,105,Larry Mccall,thomas71@example.com,2024-10-14,PREMIUM
105,106,Carolyn Clark,imontoya@example.net,2023-07-15,REGULAR
106,107,Brian Bryant,qcowan@example.net,2026-05-25,REGULAR
107,108,Jonathan Beltran,jenkinsdonna@example.com,2026-05-19,REGULAR
108,109,James Smith,greenbrianna@example.com,2026-05-15,PREMIUM
109,110,Sherry Reynolds,amandaryan@example.org,2025-10-01,REGULAR
110,111,Albert Martin,hkim@example.net,2025-03-09,PREMIUM
111,112,Melissa Sanchez,jennifertownsend@example.com,2024-05-17,PREMIUM
112,113,Claudia Black,burtonteresa@example.com,2025-11-24,REGULAR
113,114,Michael Garcia,petersonnicholas@example.org,2022-03-07,REGULAR
114,115,Stephanie Jackson,shart@example.com,2025-08-09,REGULAR
115,116,David Taylor,clarknancy@example.com,2021-07-10,REGULAR
116,117,Sarah Williams,udiaz@example.net,2025-09-14,REGULAR
117,118,Bianca Gregory,kcantrell@example.net,2021-10-07,REGULAR
118,119,Karen Combs,jenniferreid@example.net,2025-04-11,REGULAR
119,120,Dennis Willis,tamara91@example.net,2023-03-10,REGULAR
120,121,Shari Davis,allen98@example.org,2024-09-03,REGULAR
121,122,Kimberly Klein,david24@example.org,2024-05-24,PREMIUM
122,123,Anthony Houston,kaylaortega@example.com,2026-02-06,REGULAR
123,124,Brenda Smith,charlesjuarez@example.com,2023-10-15,REGULAR
124,125,Stacey Chang,garciatroy@example.com,2022-10-10,REGULAR
125,126,James Hughes III,evanmartinez@example.net,2026-07-04,PREMIUM
126,127,Benjamin Cooper,georgetimothy@example.com,2025-05-20,REGULAR
127,128,Diane Lopez,santosdavid@example.org,2022-07-29,REGULAR
128,129,Abigail Nguyen,stewartrobert@example.org,2025-05-02,REGULAR
129,130,Ashley Le,samanthawarren@example.net,2022-02-03,REGULAR
130,131,Dalton Carter,hutchinsonjennifer@example.org,2022-07-21,REGULAR
131,132,Tanya Allen,vmoore@example.com,2023-12-19,REGULAR
132,133,Kevin Hensley,awyatt@example.com,2025-02-12,REGULAR
133,134,Seth Lopez,timothy73@example.net,2023-08-06,REGULAR
134,135,Jack Russell,bowmantanya@example.net,2024-04-21,VIP
135,136,Angela Perez,gregorylinda@example.org,2022-06-25,REGULAR
136,137,Jennifer Nelson,nicole81@example.net,2023-02-04,REGULAR
137,138,Casey Parker,frank34@example.net,2023-03-21,REGULAR
138,139,Caitlyn Sellers,christopherrose@example.net,2022-06-22,REGULAR
139,140,Crystal Castillo,hannah84@example.net,2023-09-09,PREMIUM
140,141,Christian Hernandez,jamesrichardson@example.org,2024-12-19,REGULAR
141,142,Amber Johnston,lewislaura@example.com,2021-12-05,PREMIUM
142,143,Jodi Pope,hillsean@example.net,2023-04-19,REGULAR
143,144,Natalie Ramirez,shirley28@example.com,2024-04-01,REGULAR
144,145,Mr. Joshua Hutchinson MD,ryan36@example.com,2022-12-18,REGULAR
145,146,Megan Berry,david70@example.net,2024-11-15,REGULAR
146,147,Nicole Hays,laurawhitehead@example.com,2021-10-30,REGULAR
147,148,Philip Drake,wanderson@example.com,2024-06-15,REGULAR
148,149,Anthony Vargas,gardnermartin@example.org,2026-07-02,PREMIUM
149,150,Daniel Stanley,chavezpaul@example.org,2026-04-05,VIP
150,151,Patrick Glass,melissa84@example.org,2023-03-21,PREMIUM
151,152,Lori Howard,colin84@example.org,2022-06-04,PREMIUM
152,153,Lisa Garcia,beasleykevin@example.com,2025-05-25,REGULAR
153,154,Sherry Jones,morgangarner@example.org,2023-10-28,PREMIUM
154,155,Morgan Dunn,cclark@example.org,2022-08-31,REGULAR
155,156,Mary Jenkins,grimesjoseph@example.org,2026-02-22,REGULAR
156,157,Kayla Mercado,james19@example.org,2023-10-12,REGULAR
157,158,Jeremy Marshall,gjames@example.org,2022-02-11,VIP
158,159,Brian Wade,velazquezmichael@example.org,2025-09-27,REGULAR
159,160,Danielle Castro MD,yrose@example.org,2025-10-01,REGULAR
160,161,David Herman,amanda03@example.net,2024-08-12,REGULAR
161,162,Vincent Boone,thompsonjames@example.net,2024-02-01,REGULAR
162,163,Terri Harmon,amycrosby@example.net,2025-05-20,REGULAR
163,164,Jimmy Copeland,anthony96@example.net,2023-07-19,REGULAR
164,165,Paul Carter,lindseyjordan@example.net,2025-07-31,REGULAR
165,166,Michael Jones,wagnerlori@example.org,2025-07-14,REGULAR
166,167,Scott Nguyen,ucarlson@example.net,2024-09-14,PREMIUM
167,168,Victoria Taylor,swang@example.org,2024-09-22,REGULAR
168,169,Megan Flores,savannahthomas@example.com,2025-06-27,PREMIUM
169,170,Daniel Ballard,wilsonbilly@example.com,2025-09-29,PREMIUM
170,171,Kenneth Davis,megan97@example.org,2021-08-25,REGULAR
171,172,Terry Peters,linda00@example.net,2026-02-12,VIP
172,173,Haley Acosta,johnschroeder@example.com,2024-01-13,REGULAR
173,174,Thomas Phillips,ejenkins@example.net,2022-06-12,PREMIUM
174,175,Rebecca Mosley,owensanna@example.net,2024-07-30,REGULAR
175,176,Anne Soto,townsendmargaret@example.com,2025-02-28,REGULAR
176,177,Stacy Key,georgeunderwood@example.com,2022-06-01,PREMIUM
177,178,Benjamin Bell,twilson@example.net,2023-11-18,REGULAR
178,179,Lisa Duncan,dnichols@example.com,2024-05-26,PREMIUM
179,180,Alexandra Christensen,alexis77@example.com,2022-05-16,REGULAR
180,181,Lisa Alexander,james49@gmail,2022-07-12,REGULAR
181,182,Matthew Reyes,vflowers@example.com,2021-11-20,REGULAR
182,183,Maria Mccarty,thompsonwilliam@example.org,2023-12-24,REGULAR
183,184,Nicole Brown,amy73@example.org,2022-07-18,REGULAR
184,185,Jonathan Pearson,stricklandkevin@example.com,2023-01-26,REGULAR
185,186,Renee Taylor,jasmine30@example.org,2023-08-16,VIP
186,187,Cynthia Shepherd,rodneyhuang@example.net,2025-05-27,REGULAR
187,188,Dawn Hunter,hrussell@example.com,2023-11-27,REGULAR
188,189,Christina Lopez,lawsonshelly@example.org,2022-02-04,PREMIUM
189,190,Sherri Evans,riggsmichael@example.com,2024-01-17,REGULAR
190,191,Derrick Matthews,reyescaroline@example.net,2022-11-29,REGULAR
191,192,Nathan Hunt,nhayes@example.org,2022-01-17,REGULAR
192,193,Amanda Chavez,hgonzalez@example.net,2026-06-28,REGULAR
193,194,Robert Hunt,bryanwilkinson@example.net,2023-08-28,PREMIUM
194,195,Gerald Ford,sararobinson@example.net,2026-02-19,REGULAR
195,196,Jim Rangel,lewisdavid@example.com,2024-09-17,REGULAR
196,197,Jason Smith,fullerholly@example.org,2022-08-15,REGULAR
197,198,Mr. Mark Simmons,holly88@example.com,2023-07-31,REGULAR
198,199,Christina Black,amberjohnson@example.com,2023-01-31,REGULAR
199,200,David Bautista,walshhector@example.com,2025-06-11,REGULAR
200,201,Adam Hampton,otaylor@example.com,2024-09-28,VIP
201,202,Roger Koch,ashleyaustin@example.com,2022-07-22,REGULAR
202,203,Damon Nelson,johnsondonna@example.net,2024-05-04,VIP
203,204,Jeffrey Fitzgerald,ijackson@example.org,2025-08-02,REGULAR
204,205,Kimberly Olson,jacobsmith@example.net,2026-02-12,REGULAR
205,206,Jason Perez,zmahoney@example.org,2023-06-22,REGULAR
206,207,Kimberly Brooks,kayla89@example.org,2025-01-18,REGULAR
207,208,Amanda Love,eric75@example.org,2024-03-31,REGULAR
208,209,Patrick Ward,ikerr@example.org,2025-05-16,REGULAR
209,210,Lori Chung,victoria52@example.org,2024-09-16,REGULAR
210,211,Johnathan Blackwell,mayjennifer@example.org,2025-03-10,VIP
211,212,Sarah Smith,russellpam@example.net,2025-02-21,REGULAR
212,213,Richard Silva,towens@example.org,2022-04-18,REGULAR
213,214,Michael Davis,smeadows@example.org,2026-01-31,REGULAR
214,215,Andrea Schmidt,yalvarado@example.org,2022-07-04,REGULAR
215,216,Tamara Floyd,newmanpatrick@example.net,2024-12-16,REGULAR
216,217,Christina Hansen,drivers@example.com,2026-06-21,REGULAR
217,218,John Myers,pamelaburke@example.net,2022-10-19,REGULAR
218,219,Juan Harris,ogonzalez@example.com,2022-01-18,REGULAR
219,220,Karen Ross,esullivan@example.com,2025-05-31,PREMIUM
220,221,Anthony Gonzalez,darlenesanchez@example.org,2024-01-30,REGULAR
221,222,Brittney Vaughn,lee11@example.com,2023-06-28,REGULAR
222,223,Jessica Taylor PhD,bryan19@example.org,2021-10-31,REGULAR
223,224,Mr. Michael Long,reneejones@example.com,2022-01-03,REGULAR
224,225,Isaac Nguyen,nancy38@example.org,2025-01-11,REGULAR
225,226,Mark Bernard,sturner@example.com,2024-04-28,PREMIUM
226,227,Hannah Allen,edwinphillips@example.net,2025-06-15,REGULAR
227,228,Kelly Davis,henrycristian@example.net,2024-09-17,REGULAR
228,229,Gabriel Conley,ulittle@example.org,2026-03-06,REGULAR
229,230,Michelle Dickerson,ashleycole@example.org,2023-10-08,PREMIUM
230,231,Brandon Brooks,aparker@example.net,2025-11-26,PREMIUM
231,232,Jack Allen,stewartheather@example.com,2022-11-18,VIP
232,233,Janet Moss,ibaker@example.org,2023-11-12,PREMIUM
233,234,Matthew Middleton,dfuller@example.net,2025-05-25,REGULAR
234,235,Bailey Valentine,mary50@example.net,2022-10-03,REGULAR
235,236,Kristen Hernandez,jerry52@example.org,2025-03-23,REGULAR
236,237,Amy Strickland,angela50@example.com,2024-10-04,REGULAR
237,238,Terri Carpenter,william16@example.net,2025-02-13,VIP
238,239,Hunter Carlson,portercurtis@example.net,2021-10-05,REGULAR
239,240,Bryan Kelley,rebekah28@example.com,2024-06-17,REGULAR
240,241,Ashley Campbell,matavirginia@example.net,2022-04-02,PREMIUM
241,242,Dustin Crane,kari01@example.org,2026-05-01,REGULAR
242,243,Joshua Murphy,yharris@example.com,2023-07-05,VIP
243,244,Matthew Bass,whiteallison@example.com,2023-03-06,REGULAR
244,245,Heather Patterson,kyoung@example.org,2022-07-09,REGULAR
245,246,Richard Hall,qtran@example.net,2024-03-21,REGULAR
246,247,Brianna Torres,nicolevasquez@example.org,2022-08-31,VIP
247,248,Jennifer Carlson,wilsonrichard@example.com,2025-10-22,PREMIUM
248,249,Daniel Ross,andrewrandolph@example.com,2024-10-14,REGULAR
249,250,Anna Hicks,moorejanice@example.org,2023-11-01,REGULAR
250,251,Patrick Anderson,emccoy@example.net,2023-01-24,REGULAR
251,252,Margaret Ramirez,maria60@example.com,2026-01-31,REGULAR
252,253,Patrick Davis,cowannicole@example.net,2022-01-23,REGULAR
253,254,Michelle Bryant,frogers@example.com,2023-09-15,REGULAR
254,255,Nathan Cook,snydermichael@example.com,2022-09-11,PREMIUM
255,256,Jason Harris,crichards@example.org,2024-03-02,REGULAR
256,257,Cynthia Thomas,sampsoncynthia@example.org,2026-06-09,REGULAR
257,258,Brittney Brooks,dylanbanks@example.org,2024-03-27,REGULAR
258,259,Debra Ross,spencersalas@example.org,2025-06-08,VIP
259,260,Paula Johnson,larry34@example.com,2024-01-06,REGULAR
260,261,Mary Wheeler,ajacobs@example.net,2023-06-26,REGULAR
261,262,Gregory Fox,brittany75@example.com,2022-05-13,VIP
262,263,Christy Walsh,rvaldez@example.com,2022-01-10,REGULAR
263,264,Andrew Thompson,alvareztodd@example.com,2024-08-30,REGULAR
264,265,Melissa Hancock,xsmith@example.org,2025-06-09,REGULAR
265,266,Steven Henry,joseph47@example.org,2024-06-09,REGULAR
266,267,Sydney Summers,powellanthony@example.net,2025-05-29,REGULAR
267,268,Frances Miller MD,vparker@example.com,2023-08-18,REGULAR
268,269,Diana Gallegos,jasonhouston@example.org,2022-03-18,VIP
269,270,Samuel Fletcher,taylorkelli@example.net,2022-02-05,REGULAR
270,271,James Ramos,evanwilson@example.net,2025-10-25,REGULAR
271,272,Danielle Gardner,luismunoz@example.net,2022-02-08,REGULAR
272,273,James Burnett,dustin80@example.com,2026-02-07,VIP
273,274,Jared Smith,steven76@example.org,2022-05-09,PREMIUM
274,275,Perry Baker,gracejones@example.org,2025-01-08,PREMIUM
275,276,Lauren Neal,qgray@example.com,2025-01-26,PREMIUM
276,277,Kelly Ryan,blake28@example.com,2023-08-29,REGULAR
277,278,Bobby Daniels,currybreanna@example.com,2022-04-20,REGULAR
278,279,Theresa Jordan,brendacaldwell@example.com,2023-02-28,REGULAR
279,280,Charles Wright DDS,ihays@example.com,2022-04-23,REGULAR
280,281,Jennifer Wright,christina70@example.org,2022-06-30,VIP
281,282,Joshua Wright,woodswilliam@example.net,2024-09-08,REGULAR
282,283,Michelle Bennett,oblackwell@example.net,2025-01-18,REGULAR
283,284,Sarah Mccoy,mfarrell@example.net,2023-06-22,REGULAR
284,285,Aaron Baker,marshalljennifer@example.org,2023-10-05,REGULAR
285,286,Rachel Vega,oconnellnatalie@example.net,2021-10-03,REGULAR
286,287,Stuart Morton,whudson@example.com,2025-11-25,REGULAR
287,288,Taylor Shepard,daniel20@example.net,2021-12-21,PREMIUM
288,289,Melissa Scott,klopez@example.org,2023-01-15,REGULAR
289,290,Cassandra Johnson,aoconnell@example.net,2022-11-07,REGULAR
290,291,Zachary Bartlett,tmartinez@example.net,2024-12-07,VIP
291,292,Leslie Vargas,elizabethharvey@example.net,2023-11-26,REGULAR
292,293,Stephanie Peterson,lisaryan@example.org,2026-01-21,REGULAR
293,294,Steven Church,richardreese@example.org,2023-01-01,VIP
294,295,Jamie Hudson,timothy90@example.org,2023-08-15,REGULAR
295,296,Mr. John Mitchell MD,irhodes@example.com,2026-06-05,REGULAR
296,297,Jane Compton,cassandra18@example.com,2023-10-01,REGULAR
297,298,Tracy Price,travisclay@example.net,2023-07-03,REGULAR
298,299,Monica Allen,jeremywilliams@example.org,2024-04-04,REGULAR
299,300,Theresa Yang,randynunez@example.org,2022-06-09,PREMIUM
300,301,Joseph Willis,idonaldson@example.net,2021-10-12,REGULAR
301,302,Timothy Edwards,brookelowery@example.org,2021-10-29,REGULAR
302,303,Sarah West,sarawalker@example.com,2022-12-31,REGULAR
303,304,Mr. Brandon Rodriguez,fdavis@example.net,2025-10-22,REGULAR
304,305,Jacqueline Dawson,jaredgreen@example.net,2022-06-25,PREMIUM
305,306,Austin Lawrence,bberry@example.com,2022-12-22,REGULAR
306,307,Sylvia Hubbard,ucooper@example.com,2022-03-28,PREMIUM
307,308,Lori Garcia,douglasjohnny@example.com,2023-07-04,REGULAR
308,309,Frank Thornton,jennifer62@example.com,2024-07-02,REGULAR
309,310,Laurie Nelson,chelsea08@example.org,2022-11-21,REGULAR
310,311,Alexander Hill,russellbrown@,2023-08-10,REGULAR
311,312,Fred Lane DDS,marymelton@example.net,2021-12-30,REGULAR
312,313,Sarah Patton,timothynelson@example.com,2023-06-01,REGULAR
313,314,Adam Salinas,april08@gmail,2023-07-28,PREMIUM
314,315,James Lopez,chris13@example.net,2024-08-29,REGULAR
315,316,Adam Park,julialewis@example.org,2023-07-30,REGULAR
316,317,Christy Baker,cindy02@example.org,2025-10-21,REGULAR
317,318,Kevin Woodward,kathryndunlap@example.net,2024-09-25,REGULAR
318,319,Morgan Montgomery,gatesmatthewgmail.com,2025-01-09,REGULAR
319,320,Steven Harding,ejackson@example.org,2026-01-30,REGULAR
320,321,John Hall,tcooper@example.com,2021-07-17,REGULAR
321,322,Jared Cameron Jr.,rwhite@example.com,2025-04-03,REGULAR
322,323,William Fischer,lynchjessica@example.com,2023-06-25,PREMIUM
323,324,Lori Welch,castroelizabeth@example.com,2022-05-30,VIP
324,325,Aaron Trevino MD,brandonrios@example.com,2024-07-14,REGULAR
325,326,Johnny Roberts,herrerajason@example.net,2024-03-03,REGULAR
326,327,Stephen Moore,erin51@example.com,2025-07-04,REGULAR
327,328,Jose Davidson,catherinejohnson@example.org,2022-05-14,PREMIUM
328,329,Briana Hampton,tcook@example.net,2026-04-10,REGULAR
329,330,Robert Hall,joycepaul@example.org,2023-11-01,REGULAR
330,331,Stacy Davis,murphydwayne@example.org,2025-06-27,PREMIUM
331,332,Bryan Lozano,morganwhite@example.org,2021-09-12,REGULAR
332,333,Dustin Palmer,johnhouse@example.com,2023-04-20,REGULAR
333,334,George Turner,michaelstrong@example.com,2026-01-24,VIP
334,335,Veronica Mejia,ewest@example.com,2022-09-10,PREMIUM
335,336,Timothy Murray,carlos16@example.org,2026-01-12,REGULAR
336,337,Alexandra Sanders,sabrina62@example.net,2025-12-19,REGULAR
337,338,William Miller,fgarrett@example.org,2025-01-18,REGULAR
338,339,Jason Huffman,qbest@example.com,2022-03-09,PREMIUM
339,340,Katherine Jackson,joshua56@example.org,2023-09-09,PREMIUM
340,341,Cassandra Miller,aduncan@example.com,2024-06-27,REGULAR
341,342,Meagan Lopez,rmiller@example.org,2025-12-12,REGULAR
342,343,Michael Rodriguez,gabriel56@example.org,2024-09-08,REGULAR
343,344,Judith Mccarthy,richardblackwell@example.net,2023-09-25,REGULAR
344,345,Brian Jimenez,ramoskaylee@example.net,2023-05-06,REGULAR
345,346,Dr. Shirley Gardner MD,amoore@example.org,2026-01-27,REGULAR
346,347,Jerome White,sarahanderson@example.com,2024-01-06,REGULAR
347,348,Nicholas Martinez,catherine08@example.net,2023-04-01,REGULAR
348,349,James Morales,donnapalmer@example.org,2024-04-04,REGULAR
349,350,Jessica Phillips,lisahernandez@example.net,2025-09-14,REGULAR
350,351,Jonathan Miller,courtney35@example.net,2024-06-04,REGULAR
351,352,Sandra Foster,reednicholas@example.com,2026-02-26,PREMIUM
352,353,Kimberly Walker,mckinneyabigail@example.com,2026-03-05,REGULAR
353,354,Steven Vasquez,walkertara@example.com,2023-10-05,REGULAR
354,355,Melissa Johnson,kcarlson@example.net,2024-06-21,REGULAR
355,356,Dylan Brown,rodriguezrobert@example.net,2024-12-06,REGULAR
356,357,Lisa Mcdowell,lisa22@example.net,2025-12-11,REGULAR
357,358,Tim Sanders,hfoley@example.net,2024-08-20,REGULAR
358,359,Manuel Khan,ramirezjamie@example.net,2025-08-23,REGULAR
359,360,Kathryn Gregory DVM,armstrongwanda@,2026-02-04,PREMIUM
360,361,Jennifer Taylor,christopher01@example.org,2026-04-14,REGULAR
361,362,Shirley Adams,idennis@example.org,2024-12-24,REGULAR
362,363,Jeffrey Brown Jr.,markwhite@example.org,2026-06-12,REGULAR
363,364,Tyler Scott,watkinsdebra@example.org,2024-11-20,PREMIUM
364,365,Danny Jensen,kathrynbrown@example.net,2026-04-21,REGULAR
365,366,Tracy Gonzales,tanya34@example.com,2025-02-21,REGULAR
366,367,Wesley Horton,gomezbethgmail.com,2021-10-19,PREMIUM
367,368,Joanna Jones,richardford@example.net,2026-01-11,VIP
368,369,Spencer Kane II,smithkimberly@example.net,2022-09-18,PREMIUM
369,370,Willie Young,glasscharles@example.org,2024-03-20,REGULAR
370,371,Mark Reilly,colemannicolas@example.com,2024-03-11,PREMIUM
371,372,Amanda Nguyen,madeline33@example.net,2025-10-02,REGULAR
372,373,Mary Gonzalez,taylorschwartz@example.net,2023-07-21,REGULAR
373,374,Daniel Christensen,zwhite@example.org,2025-10-29,REGULAR
374,375,Emma Burton,estradajustin@example.org,2025-08-28,REGULAR
375,376,Christopher Thomas,hughescurtis@example.net,2024-09-24,REGULAR
376,377,Alison Bailey,iowens@example.net,2026-03-10,REGULAR
377,378,Ruben Williams,johnnydavis@example.net,2022-12-16,REGULAR
378,379,Sabrina Harris,susangordon@example.com,2022-10-20,REGULAR
379,380,Tiffany Eaton,monica98@example.net,2025-01-23,PREMIUM
380,381,Nicole Martinez,rick82@example.com,2022-08-16,REGULAR
381,382,Stephanie Ball,pamelajackson@example.net,2023-06-04,REGULAR
382,383,Sheila Perry,lisa30@example.com,2025-01-08,REGULAR
383,384,Kristin Jenkins,jordansarah@example.org,2024-02-18,REGULAR
384,385,Lauren Robbins DDS,bstephens@example.net,2023-06-11,REGULAR
385,386,Barbara Lee,lori73@example.org,2022-03-13,REGULAR
386,387,George Orozco,hwallace@example.com,2026-05-03,REGULAR
387,388,Michelle Walker,gregmitchell@example.com,2022-11-27,REGULAR
388,389,Jennifer Solis,timothysilva@example.com,2023-10-10,REGULAR
389,390,Peter Bautista,christinaroth@example.org,2025-02-11,REGULAR
390,391,Eric Jones,lisa36@example.net,2024-07-13,REGULAR
391,392,Melissa Anderson,icampbell@example.net,2023-10-15,REGULAR
392,393,Rachel Cook,xpollard@example.org,2022-03-04,PREMIUM
393,394,Anna Tucker,robingarrett@example.com,2024-02-12,REGULAR
394,395,Mackenzie Dickerson,valerie29@example.com,2023-10-25,REGULAR
395,396,Sharon Lucas,lloydlynn@example.com,2024-12-08,REGULAR
396,397,Stacy Johnson,aryan@example.com,2026-03-14,REGULAR
397,398,James Nichols,hendrixlaura@example.com,2022-03-02,PREMIUM
398,399,Elizabeth Powers,lhill@example.org,2022-02-13,REGULAR
399,400,Lisa Pena,joseph92@example.com,2026-02-19,REGULAR
400,401,Sherry Davis,robertpadilla@example.com,2024-10-22,REGULAR
401,402,Rebecca Sullivan,shelia83@example.net,2025-03-18,REGULAR
402,403,Linda Garcia,moniqueanderson@example.net,2025-06-10,VIP
403,404,Robert Miller,jking@example.net,2021-09-26,REGULAR
404,405,Joanne Beard,ginawilliams@example.org,2025-07-29,REGULAR
405,406,Kelly Pearson,desiree72@example.net,2025-12-23,PREMIUM
406,407,Tracy Medina DVM,daviskimberly@example.org,2023-07-11,REGULAR
407,408,Kristen Grant,raymondlopez@example.net,2021-11-24,PREMIUM
408,409,John Castaneda,michaeldunlap@example.org,2022-07-06,PREMIUM
409,410,Julie Carter,josephbrown@example.org,2025-06-07,REGULAR
410,411,Karen Roberts,taylorhicks@example.com,2024-08-13,REGULAR
411,412,Katherine Wilson,rowlandstephen@example.com,2025-11-18,REGULAR
412,413,Cameron Maynard,kingangela@example.org,2023-10-01,REGULAR
413,414,Kimberly Cunningham,clarkdillon@example.com,2023-11-03,REGULAR
414,415,Joseph Arroyo,deckerdana@example.com,2022-06-02,REGULAR
415,416,Kathryn Davis,jschultz@,2024-12-19,REGULAR
416,417,James Moore,xpace@example.org,2021-10-11,VIP
417,418,William Landry,robertaguilar@example.net,2026-02-26,REGULAR
418,419,Ashley Smith,butlersara@example.org,2025-08-27,REGULAR
419,420,Jennifer Moyer,matthew89@example.com,2021-08-07,REGULAR
420,421,Christopher Clarke,mary80@example.com,2025-03-02,PREMIUM
421,422,Jack Sanders,robinsonwilliam@example.net,2023-03-18,REGULAR
422,423,Daniel Cardenas,hhall@example.net,2025-12-17,VIP
423,424,Todd Gibson,mitchellryan@example.net,2023-12-11,REGULAR
424,425,Stephen Jimenez,joseph98@example.net,2024-01-03,VIP
425,426,Elizabeth Wolfe,tsullivan@example.org,2023-02-28,PREMIUM
426,427,Melissa Johnson,gonzalezamber@example.net,2022-05-15,REGULAR
427,428,Kaitlin Long,oschmidt@example.org,2024-03-09,REGULAR
428,429,Robert Lee,popeandrew@example.com,2022-10-08,REGULAR
429,430,Veronica Cooper,juan99@example.net,2025-12-23,REGULAR
430,431,Matthew Williams,crystal30@example.net,2024-09-17,REGULAR
431,432,Raymond Colon,duncankylie@example.org,2022-02-13,REGULAR
432,433,Betty Oconnell,baldwinjohn@example.org,2023-02-11,REGULAR
433,434,Bonnie Cohen,lisadudley@example.net,2025-10-21,PREMIUM
434,435,Debbie Martinez,heatherchristian@example.org,2024-10-10,REGULAR
435,436,Scott Lewis,chenregina@example.org,2023-03-20,REGULAR
436,437,Marc Brown,kristina55@example.net,2023-03-03,REGULAR
437,438,John Henderson,tara78@example.com,2025-07-12,REGULAR
438,439,Christine Nichols,andrew63@example.org,2023-07-30,VIP
439,440,Eddie Nunez,mitchellbanks@example.net,2021-12-15,VIP
440,441,Dorothy Rodriguez,robertskatie@example.com,2025-02-19,REGULAR
441,442,Rachel Hill,samuel77@example.com,2022-02-17,REGULAR
442,443,Brenda Kidd,brianparks@example.net,2024-02-29,REGULAR
443,444,Megan Rivera,gloria89@example.com,2023-04-04,PREMIUM
444,445,Craig Vasquez,afox@example.net,2021-08-28,REGULAR
445,446,Kevin Kaiser,sheliasullivan@example.net,2023-08-25,REGULAR
446,447,Gary Mcdonald,xlewis@example.org,2026-03-28,REGULAR
447,448,Kirsten Miller,thomasmaldonado@example.net,2023-02-23,REGULAR
448,449,Joseph Rodriguez,cathy84@example.com,2021-10-08,PREMIUM
449,450,Daniel Castro,duransamuel@example.net,2024-04-17,PREMIUM
450,451,Dr. Evan Ponce,michael25@example.com,2023-09-26,PREMIUM
451,452,Clayton Clark,bdavis@example.org,2025-05-28,REGULAR
452,453,Douglas Hamilton,durantravis@example.com,2023-11-21,VIP
453,454,Ricky Valencia,vasquezjustin@example.org,2023-03-20,REGULAR
454,455,Lauren Hall,adam51@example.org,2023-05-19,REGULAR
455,456,Samuel Smith,travis87@example.org,2024-05-31,PREMIUM
456,457,Robert Wolfe,sgonzalez@gmail,2022-09-13,VIP
457,458,Lori Taylor,jcollins@example.com,2023-01-08,REGULAR
458,459,Michael Carroll,leedeborah@example.org,2023-05-14,REGULAR
459,460,Rachel Thomas,davisdonna@example.com,2025-06-20,REGULAR
460,461,Robert Zimmerman,shanebrown@example.net,2021-10-21,REGULAR
461,462,Kevin Beltran,michaelrodriguez@example.org,2025-02-27,PREMIUM
462,463,Aaron Harrison,robinsonshannon@example.net,2023-04-19,REGULAR
463,464,Rodney Sosa,qanderson@example.com,2025-12-04,REGULAR
464,465,Beth Price,brandihunter@,2023-06-15,REGULAR
465,466,Patty Woodard,pstevens@example.com,2024-04-06,REGULAR
466,467,Danielle Carter,ekeller@example.org,2024-06-29,REGULAR
467,468,David Dickerson,tfranklin@example.net,2022-02-17,REGULAR
468,469,Maria Irwin,kristi23@example.net,2021-09-02,PREMIUM
469,470,Chad Bruce,underwoodpatricia@example.org,2021-09-12,REGULAR
470,471,Christopher Carter,smithjennifer@example.net,2024-01-16,REGULAR
471,472,Steven Pierce,john28@example.com,2024-08-20,REGULAR
472,473,Timothy Bullock,stacy32@example.com,2021-11-28,PREMIUM
473,474,Daniel Long,brewerthomas@example.org,2026-03-30,REGULAR
474,475,Marvin Thomas,laurenscott@example.net,2023-05-14,REGULAR
475,476,Timothy Nelson,mckenziejonathan@example.net,2026-01-30,REGULAR
476,477,Jacob Lindsey,ihouston@example.net,2022-10-12,REGULAR
477,478,Justin Newman,barbara03@example.com,2024-04-11,REGULAR
478,479,Kimberly Serrano,rachel45@example.net,2024-12-03,REGULAR
479,480,Jason Foster,qodonnell@example.org,2023-03-09,PREMIUM
480,481,Rachel Miller,dana71@example.com,2021-10-13,REGULAR
481,482,Raymond Bennett,jamie52@example.org,2024-12-13,VIP
482,483,Diane Kelly,jamesweber@example.net,2026-06-13,REGULAR
483,484,Timothy Pugh,smithwesley@example.com,2022-12-10,VIP
484,485,Thomas Williams,jschaefer@example.org,2023-02-10,REGULAR
485,486,Kyle Clark Jr.,ryan97@example.com,2025-06-07,REGULAR
486,487,Mark Mendez,ebenson@example.com,2022-04-15,PREMIUM
487,488,Scott Frazier,andreathompson@example.com,2023-07-17,REGULAR
488,489,Krystal Jones,stephensmichael@example.org,2023-08-02,REGULAR
489,490,Shannon Sanchez,coxdanielle@example.net,2021-07-14,REGULAR
490,491,Luke Bishop,millercarol@example.org,2022-03-06,PREMIUM
491,492,Patricia Craig,karenhuff@example.org,2024-05-03,REGULAR
492,493,Diana Fitzgerald,alimichael@example.net,2022-11-20,REGULAR
493,494,Brian Marquez,egiles@example.com,2021-07-28,REGULAR
494,495,William Gordon,aaronsmith@example.org,2025-09-22,VIP
495,496,Rodney Hinton,tony38@example.com,2021-09-11,REGULAR
496,497,George Nash,angelicaharrison@example.com,2024-02-08,REGULAR
497,498,Sara Salinas,adrianbrown@example.org,2023-09-23,REGULAR
498,499,Melissa Robertson,tamara69@example.net,2021-09-30,PREMIUM
499,500,Nicole Jackson,dgardner@example.com,2024-02-07,VIP
